Month,opinion_mon+1,constant,news_county_mean_ob_imp,news_county_num,socialpressure,voteturn,popden,medianinc,housemedianprice,unem,edulevel,pc
1990/01/01,57.97500065,1.9981779400000048,0.7131011706666657,3.2907280200000026,0.6672537238528274,89.36885718650356,2886.6016062617196,11.4033380049029,13.80290906656211,10.713500379040399,37.17172130166097,0.14699633653684274
1990/02/01,58.15926754,1.9981779400000048,0.7131011706666657,3.2907280200000026,0.6676670693471802,89.12773977379585,2888.7700602657333,11.447736770504664,13.934833258814525,10.930022924169561,37.25468985489091,0.14699633653684274
1990/03/01,58.34353426,1.9981779400000048,0.12925500800000003,1.29255008,0.6680802615183802,88.88662146721262,2890.9385085030567,11.491909564472339,14.066329172170839,11.146655481257136,37.33765803764836,0.14699633653684274
1990/04/01,58.53730855,1.9981779400000048,0.12925500800000003,1.29255008,0.6684932763286902,88.6455018204182,2893.10694808927,11.535743183480637,14.197181650132482,11.363295492945452,37.4206256644887,0.14699633653684274
1990/05/01,58.72918099,1.9981779400000048,0.12925500800000003,1.29255008,0.6689061765924569,88.40438038707865,2895.2753761398685,11.579124424219486,14.327175535843049,11.579935339068435,37.50359254996914,0.14699633653684274
1990/06/01,58.91724996,1.9981779400000048,0.7131011706666657,3.2907280200000026,0.6693190610603873,88.16325672086047,2897.4437897705175,11.621940083602649,14.4560956732511,11.796574923856436,37.58655850864649,0.14699633653684274
1990/07/01,59.09961384,1.9981779400000048,0.7131011706666657,3.2907280200000026,0.6697253636716773,87.9221303754275,2899.6044538551937,11.663141462161576,14.581518168045935,12.014008814752595,37.66959897467818,0.14699633653684274
1990/08/01,59.274371,1.9981779400000048,0.7131011706666657,3.2907280200000026,0.6701237510188839,87.68100090444247,2901.7652062287943,11.703670425865132,14.705676895794074,12.231045038164861,37.752600344625954,0.14699633653684274
1990/09/01,59.43961988,1.9981779400000048,0.12925500800000003,1.29255008,0.6705411141733895,87.43986786157606,2903.9261524680373,11.743532604263564,14.82859699482224,12.44728622972088,37.83552461578135,0.14699633653684274
1990/10/01,59.59345881,1.9981779400000048,0.12925500800000003,1.29255008,0.6709025642537827,87.19873080048679,2906.087398273691,11.782733626566191,14.950303601418426,12.66233502684764,37.91833379545498,0.14699633653684274
1990/11/01,59.73398623,1.9981779400000048,0.12925500800000003,1.29255008,0.6713134030337479,86.95758927484604,2908.2490491459175,11.82127912236265,15.070821854126777,12.875794069058218,38.00098989195685,0.14699633653684274
1990/12/01,59.85930048,1.9981779400000048,0.12925500800000003,1.29255008,0.6717452420416467,86.71644283831952,2910.4112106214507,11.859174721022763,15.19017689081077,13.087265994468137,38.08345491499797,0.14699633653684274
1991/01/01,59.96750005,1.9981779400000048,0.15162707200000003,1.5162707199999987,0.6685005933803023,86.47529104455565,2912.573988358704,11.896426051893535,15.308393849404391,13.296353439514942,38.165690863102185,0.06087161290784193
1991/02/01,60.05668311,1.9981779400000048,0.15162707200000003,1.5162707199999987,0.668879713215984,86.23413344722489,2914.737487992457,11.933038744525575,15.425497866159724,13.502659040867854,38.24765974051846,0.06087161290784193
1991/03/01,60.12494831,1.9981779400000048,0.6981864613333325,3.5144486600000007,0.6692619139223648,85.9929696000049,2916.901815006431,11.969018428153719,15.541514080569488,13.70578543748407,38.32932355346214,0.06087161290784193
1991/04/01,60.15712444,1.9981779400000048,0.6981864613333325,3.5144486600000007,0.6696052459541519,85.75051709131485,2919.067075109045,12.004370732479396,15.656467629546121,13.9053352599798,38.41064428640205,0.06087161290784193
1991/05/01,60.16723314,1.9981779400000048,0.15162707200000003,1.5162707199999987,0.6699472977692127,85.50449878320379,2921.2333738963353,12.039101286613814,15.770383651564007,14.10091115414704,38.49158397454583,0.06087161290784193
1991/06/01,60.15602663,1.9981779400000048,0.15162707200000003,1.5162707199999987,0.6703739167717988,85.25847285110576,2923.40081659537,12.073215720113472,15.88328728316629,14.292115752475443,38.57210459846406,0.06087161290784193
1991/07/01,60.12425713,1.9981779400000048,0.15162707200000003,1.5162707199999987,0.6707797739478473,85.01242941767126,2925.5690180318084,12.106719662396786,15.995203662492138,14.481184100888385,38.65177890221928,0.06087161290784193
1991/08/01,60.07267687,1.9981779400000048,0.15162707200000003,1.5162707199999987,0.6711909669741987,84.76636710159204,2927.738478883276,12.139618742884954,16.10615792711862,14.663770214377617,38.73115279702526,0.06087161290784193
1991/09/01,60.00203806,1.9981779400000048,0.15162707200000003,1.5162707199999987,0.6716092950229299,84.52029581567317,2929.909208428949,12.171918591000168,16.21617521609089,14.838160527379424,38.81038292359088,0.06087161290784193
1991/10/01,59.91309292,1.9981779400000048,0.6981864613333325,3.5144486600000007,0.6720360168727464,84.27421511141402,2932.081215947992,12.203624836130464,16.325280665244353,15.002641474330298,38.88962592397297,0.06087161290784193
1991/11/01,59.80659368,1.9981779400000048,0.15162707200000003,1.5162707199999987,0.6724732128458721,84.02812454040667,2934.2545107195806,12.234743107679755,16.433499414009344,15.155499489666486,38.9690384388166,0.06087161290784193
1991/12/01,59.68329256,1.9981779400000048,0.15162707200000003,1.5162707199999987,0.6729222046345613,83.78202365422524,2936.4291020228884,12.26527903515844,16.54085659851261,15.295021007824502,39.04877711026394,0.06087161290784193
1992/01/01,59.54394178,1.9981779400000048,0.15162707200000003,1.5162707199999987,0.6733848649123858,83.5359120044574,2938.604999137074,12.295238247968832,16.64737735724303,15.419492463240521,39.12899857938905,0.06087161290784193
1992/02/01,59.38929356,1.9981779400000048,0.15162707200000003,1.5162707199999987,0.6738623983927878,83.2897891426033,2940.782211341323,12.324626375382794,16.753086828466763,15.527200290351066,39.20985948697957,0.06087161290784193
1992/03/01,59.22010011,1.9981779400000048,0.15162707200000003,1.5162707199999987,0.674356606321797,83.04365462033115,2942.9607479148003,12.353449046947304,16.85801014929341,15.616430923592452,39.29151647556815,0.06087161290784193
1992/04/01,59.03711367,1.9981779400000048,0.6981864613333325,3.5144486600000007,0.6748698416893101,82.79750798909188,2945.140618136675,12.381711892085594,16.96217245764209,15.685470797401026,39.37412618609872,0.06087161290784193
1992/05/01,58.84108645,1.9981779400000048,0.15162707200000003,1.5162707199999987,0.6754030033500894,82.55134880050001,2947.321831286128,12.4094205401525,17.065598891020652,15.732606346213151,39.45784525946578,0.06087161290784193
1992/06/01,58.63277067,1.9981779400000048,1.2091907180000012,5.512626600000016,0.6759586902701744,82.30517660618483,2949.5043966423195,12.436580620555972,17.16831458691895,15.756124004465216,39.54283033712154,0.06087161290784193
1992/07/01,58.41291856,1.9981779400000048,1.2091907180000012,5.512626600000016,0.6765398479225074,82.05871057016921,2951.6785888067884,12.463197762791001,17.27034468431543,15.746690290607678,39.63091857473134,0.06087161290784193
1992/08/01,58.18228233,1.9981779400000048,1.4986334549999998,3.9963558800000096,0.6771376698556181,81.81237084714728,2953.854270281451,12.489277596272629,17.37171431964359,15.714021466955291,39.71974584368539,0.06087161290784193
1992/09/01,57.9416142,1.9981779400000048,0.9990889700000024,1.9981779400000048,0.6777456871701611,81.56629718249982,2956.0315688856613,12.514825750362156,17.472448630750886,15.660213925937496,39.80862852795784,0.06087161290784193
1992/10/01,57.69166641,1.9981779400000048,0.9990889700000024,1.9981779400000048,0.6783568372260357,81.32062932150136,2958.210612438728,12.539847854565409,17.572572755822815,15.587364059983527,39.89688301117082,0.06087161290784193
1992/11/01,57.43319116,1.9981779400000048,0.9990889700000024,1.9981779400000048,0.6789653555323014,81.07550700941962,2960.391528759998,12.564349538141705,17.67211183241065,15.497568261522792,39.98382567793772,0.06087161290784193
1992/12/01,57.16694068,1.9981779400000048,0.6981864613333325,3.5144486600000007,0.6795633893193653,80.83106999131088,2962.5744456688008,12.588336430705478,17.77109099801959,15.392922922984514,40.068772913130026,0.06087161290784193
1993/01/01,56.89366719,1.9981779400000048,0.662202404000001,4.054209520000004,0.6796554074217405,80.58745801295244,2964.759490984469,12.611814161418735,17.86953539118417,15.275524436798033,40.151041100729564,-0.041829771893157966
1993/02/01,56.61412291,1.9981779400000048,0.662202404000001,4.054209520000004,0.6802130698856859,80.34481081950008,2966.946792526331,12.634788360003357,17.967470148582755,15.147469195392677,40.229946625038195,-0.041829771893157966
1993/03/01,56.32906007,1.9981779400000048,0.662202404000001,4.054209520000004,0.6807403111572677,80.10326815584365,2969.136478113715,12.65726465557505,18.06492040879363,15.01085359119776,40.30480587075379,-0.041829771893157966
1993/04/01,56.03923087,1.9981779400000048,0.20560315799999968,2.0560315799999995,0.6812304607200147,79.86296976773221,2971.328675565978,12.679248677834979,18.161911309082193,14.867774016642707,40.37493522191689,-0.041829771893157966
1993/05/01,55.74538755,1.9981779400000048,0.20560315799999968,2.0560315799999995,0.6816771475692239,79.62405540054729,2973.5235127024303,12.700746056084725,18.258467987412846,14.720326864156727,40.43965106254261,-0.041829771893157966
1993/06/01,55.44828233,1.9981779400000048,0.662202404000001,4.054209520000004,0.6820733709936753,79.38666479938381,2975.7211173424316,12.721762419700328,18.354615580726318,14.570608526169142,40.49826977798321,-0.041829771893157966
1993/07/01,55.14866742,1.9981779400000048,0.662202404000001,4.054209520000004,0.6824095940457812,79.15093770917403,2977.904921347892,12.742303398140297,18.45037922826492,14.423980734394608,40.54569009242415,-0.041829771893157966
1993/08/01,54.84729505,1.9981779400000048,0.662202404000001,4.054209520000004,0.6826939673498349,78.91701387583124,2980.0920721347234,12.762374620822758,18.545784066481286,14.277641866831894,40.58785487878341,-0.041829771893157966
1993/09/01,54.54491743,1.9981779400000048,0.662202404000001,4.054209520000004,0.6829324179990952,78.68503304464805,2982.2830210267816,12.781981717060527,18.640855233379924,14.132055646267721,40.626289351922004,-0.041829771893157966
1993/10/01,54.24228679,1.9981779400000048,0.662202404000001,4.054209520000004,0.6831304201532492,78.45513496073345,2984.4782193479537,12.801130316396303,18.735617867263716,13.987685795488604,40.66251872531123,-0.041829771893157966
1993/11/01,53.94015536,1.9981779400000048,0.20560315799999968,2.0560315799999995,0.6832926904382781,78.22745936922894,2986.6781184220636,12.819826048359701,18.8300971050909,13.84499603728138,40.698068213530505,-0.041829771893157966
1993/12/01,53.63927534,1.9981779400000048,0.20560315799999968,2.0560315799999995,0.683425379258557,78.00214601559706,2988.883169572978,12.83807454210283,18.9243180843613,13.704450094432664,40.734463030351755,-0.041829771893157966
1994/01/01,53.34039897,1.9981779400000048,0.20560315799999968,2.0560315799999995,0.6835340229309886,77.77933464500806,2991.093824124587,12.855881427038446,19.018305944545578,13.566511689729136,40.77322838962027,-0.041829771893157966
1994/02/01,53.04427845,1.9981779400000048,0.662202404000001,4.054209520000004,0.6836236330522858,77.55916500318546,2993.3105334007296,12.873252332948583,19.11208582165467,13.431644545957425,40.81588950557794,-0.041829771893157966
1994/03/01,52.75166603,1.9981779400000048,0.20560315799999968,2.0560315799999995,0.6836998890955738,77.34177683562076,2995.5337487252914,12.890192888907206,19.20568285385479,13.300312385904231,40.86397159249301,-0.041829771893157966
1994/04/01,52.4633139,1.9981779400000048,0.662202404000001,4.054209520000004,0.6837678655338321,77.12730988668048,2997.7639214221003,12.90670872444725,19.299122178989837,13.17297893235622,40.91899986405899,-0.041829771893157966
1994/05/01,52.1799743,1.9981779400000048,0.662202404000001,4.054209520000004,0.6838340621870109,76.91590390250006,3000.0015028150456,12.922805469002048,19.392428935029884,13.05010790810006,40.98249953497043,-0.041829771893157966
1994/06/01,51.90239945,1.9981779400000048,0.662202404000001,4.054209520000004,0.6839031549698824,76.7076986278997,3002.2469442279603,12.938488751854013,19.48562825920311,12.932163035922427,41.05599581910012,-0.041829771893157966
1994/07/01,51.63134157,1.9981779400000048,0.662202404000001,4.054209520000004,0.6839837318311842,76.5028338080623,3004.5015147083036,12.95376420281879,19.5787452895695,12.820319078377869,41.146933961526926,-0.041829771893157966
1994/08/01,51.36755287,1.9981779400000048,0.662202404000001,4.054209520000004,0.6840683488746313,76.30144918843234,3006.7646475925553,12.968637450878967,19.671805163545994,12.713973275581786,41.24795912608695,-0.041829771893157966
1994/09/01,51.11178559,1.9981779400000048,0.20560315799999968,2.0560315799999995,0.6841529124806224,76.10368451477282,3009.036593932736,12.98311412566194,19.76483301905781,12.613233830436831,41.357636512021436,-0.041829771893157966
1994/10/01,50.86479193,1.9981779400000048,0.662202404000001,4.054209520000004,0.6842337086337195,75.9096795321901,3011.3176047808147,12.997199856347967,19.8578539942761,12.518208945845789,41.47453131722274,-0.041829771893157966
1994/11/01,50.62732412,1.9981779400000048,0.20560315799999968,2.0560315799999995,0.6843062058787572,75.7195739858156,3013.607931188776,13.010900272826953,19.95089322610392,12.429006824711443,41.597208739751245,-0.041829771893157966
1994/12/01,50.40013439,1.9981779400000048,0.20560315799999968,2.0560315799999995,0.6843661045683523,75.53350762068736,3015.9078242086375,13.024221003934107,20.043975853056935,12.34573566993643,41.72423397874958,-0.041829771893157966
1995/01/01,50.18397495,1.9981779400000048,0.146926768,1.4692676800000004,0.688115694824063,75.35162018256075,3018.21753489235,13.037167679514944,20.13712701210386,12.268503684423559,41.854172232794504,0.07685570020084206
1995/02/01,49.97959803,1.9981779400000048,0.146926768,1.4692676800000004,0.6881382837312604,75.17405141699217,3020.5373142919207,13.049745928821014,20.230371841704216,12.19741907107557,41.985588700594505,0.07685570020084206
1995/03/01,49.78775584,1.9981779400000048,0.146926768,1.4692676800000004,0.6881352718198216,75.00094106876081,3022.8674134593307,13.061961381294681,20.323735478918145,12.132590032795099,42.11704858028648,0.07685570020084206
1995/04/01,49.60920061,1.9981779400000048,0.146926768,1.4692676800000004,0.6881030562683772,74.83242888354702,3025.2080834465687,13.073819666580912,20.417243062196004,12.074124772485021,42.24711707032669,0.07685570020084206
1995/05/01,49.44468455,1.9981779400000048,0.701319997333333,3.467445620000003,0.6880373389753335,74.66865460601663,3027.559575305627,13.085326413543038,20.51091972875389,12.022131493047892,42.374359369172346,0.07685570020084206
1995/06/01,49.29495989,1.9981779400000048,0.701319997333333,3.467445620000003,0.6879345788693387,74.50975798239405,3029.922140088489,13.096487252282989,20.604790616071572,11.97671839738669,42.49734067543441,0.07685570020084206
1995/07/01,49.16077886,1.9981779400000048,0.701319997333333,3.467445620000003,0.6877858587789581,74.35587875696069,3032.30494461204,13.107307811641746,20.69888086273562,11.940651668802607,42.61142074009234,0.07685570020084206
1995/08/01,49.04289366,1.9981779400000048,0.701319997333333,3.467445620000003,0.6876020831454634,74.20715667615652,3034.6994595207993,13.117793721270543,20.793215605240405,11.910052487038351,42.71997292730504,0.07685570020084206
1995/09/01,48.94205652,1.9981779400000048,0.701319997333333,3.467445620000003,0.6873898049196284,74.06373148421152,3037.106071343875,13.127950610660465,20.887819982707647,11.883700064797422,42.823165159169285,0.07685570020084206
1995/10/01,48.85901967,1.9981779400000048,0.701319997333333,3.467445620000003,0.6871551192505124,73.92574292672889,3039.525166610348,13.13778410918234,20.982719131704354,11.860373614783196,42.92116535804336,0.07685570020084206
1995/11/01,48.79453531,1.9981779400000048,0.701319997333333,3.467445620000003,0.6869052937972362,73.79333074982253,3041.9571318493427,13.147299846140347,21.077938190868657,11.838852349699133,43.01414144592215,0.07685570020084206
1995/12/01,48.74935569,1.9981779400000048,0.701319997333333,3.467445620000003,0.6866464561600643,73.66663469772912,3044.40235358994,13.15650345117411,21.17350229707445,11.817915482248573,43.10226134504597,0.07685570020084206
1996/01/01,48.72423301,1.9981779400000048,0.701319997333333,3.467445620000003,0.6863852957052228,73.54579451648691,3046.861218361233,13.165400553481234,21.269436589447203,11.7963422251351,43.1856929774051,0.07685570020084206
1996/02/01,48.71991949,1.9981779400000048,0.701319997333333,3.467445620000003,0.6861287711830864,73.4309499511558,3049.334112692334,13.173996782456719,21.36576620370188,11.772911791062052,43.26460426549289,0.07685570020084206
1996/03/01,48.73716736,1.9981779400000048,0.701319997333333,3.467445620000003,0.68588337983497,73.32224074699727,3051.821423112337,13.182297767681463,21.46251627946561,11.746403392732798,43.33916313085398,0.07685570020084206
1996/04/01,48.77672884,1.9981779400000048,0.701319997333333,3.467445620000003,0.685655978929905,73.21980664930803,3054.3235361503416,13.190309138675092,21.559711953037297,11.715596242850863,43.40953749569286,0.07685570020084206
1996/05/01,48.83935615,1.9981779400000048,0.146926768,1.4692676800000004,0.6854527621643355,73.12378740323871,3056.840838335451,13.198036524507765,21.657378362550116,11.679269554119633,43.47589528208937,0.07685570020084206
1996/06/01,48.9258015,1.9981779400000048,0.146926768,1.4692676800000004,0.6852807310662749,73.03432275431437,3059.3737161967497,13.205485554904234,21.75554064672531,11.636202539242564,43.538404412851655,0.07685570020084206
1996/07/01,49.03681713,1.9981779400000048,0.146926768,1.4692676800000004,0.6851493308075066,72.95197278085988,3061.934805444533,13.212661859166326,21.85422394158141,11.581119246032367,43.59693907150164,0.07685570020084206
1996/08/01,49.17315525,1.9981779400000048,0.146926768,1.4692676800000004,0.6850516699353338,72.8762466747463,3064.5119101782902,13.219571066748799,21.95345338686148,11.518881625983944,43.652107799207,0.07685570020084206
1996/09/01,49.33556809,1.9981779400000048,0.146926768,1.4692676800000004,0.6849837702404071,72.80707401482023,3067.105083639478,13.226218807158169,22.053254118637742,11.450296474246,43.70422538733607,0.07685570020084206
1996/10/01,49.52480786,1.9981779400000048,0.701319997333333,3.467445620000003,0.6849405529962243,72.74438437992762,3069.7143790695586,13.23261070942641,22.15365127495775,11.376170585967339,43.75360662725349,0.07685570020084206
1996/11/01,49.74162678,1.9981779400000048,0.146926768,1.4692676800000004,0.6849190244229724,72.68810734891495,3072.3398497099947,13.238752403256623,22.254669994053383,11.29731075629672,43.80056630890021,0.07685570020084206
1996/12/01,49.98677708,1.9981779400000048,0.146926768,1.4692676800000004,0.6849137831581171,72.63817250062883,3074.98154880225,13.244649518261156,22.35633541279141,11.21452378038292,43.8454192231618,0.07685570020084206
1997/01/01,50.26101097,1.9981779400000048,0.6660720093333343,3.9961654400000057,0.6837572750003731,72.59450941391539,3077.639529587779,13.250307683494759,22.45867267014394,11.128616453374706,43.88848016173915,-0.03418617664715799
1997/02/01,50.56508068,1.9981779400000048,0.7992711759999989,3.9963558800000096,0.6837743701566162,72.55704766762095,3080.313845308055,13.255732528448114,22.561706903348885,11.04039557042083,43.930063915047114,-0.03418617664715799
1997/03/01,50.89973844,1.9981779400000048,0.6660720093333343,3.9961654400000057,0.6837961419402924,72.52571684059187,3083.0045492045024,13.260929682587037,22.665463249555415,10.950667926670027,43.9704852749062,-0.03418617664715799
1997/04/01,51.26573645,1.9981779400000048,0.6660720093333343,3.9961654400000057,0.6838187508951813,72.50044651167447,3085.7116945186312,13.265904775531466,22.76996684677459,10.860240317271105,44.01005903162415,-0.03418617664715799
1997/05/01,51.66382694,1.9981779400000048,0.19979874999999986,1.9979874999999994,0.6838371649834512,72.48116625971477,3088.435334491856,13.270663436538637,22.87524283287112,10.76991953737282,44.04909997621531,-0.03418617664715799
1997/06/01,52.09476213,1.9981779400000048,0.19979874999999986,1.9979874999999994,0.6838482942780396,72.46780566355952,3091.175522365666,13.275211294945368,22.98131634651083,10.680512382123908,44.08792289985476,-0.03418617664715799
1997/07/01,52.55929425,1.9981779400000048,0.19979874999999986,1.9979874999999994,0.6838445341862995,72.46029430205485,3093.941740267159,13.279553980275871,23.08821252316411,10.594123785702996,44.12340693404352,-0.03418617664715799
1997/08/01,53.05817551,1.9981779400000048,0.19979874999999986,1.9979874999999994,0.6838374105347528,72.45856175404755,3096.724602547659,13.283697121802936,23.195956502282183,10.509613328242667,44.1610203977565,-0.03418617664715799
1997/09/01,53.59215814,1.9981779400000048,0.19979874999999986,1.9979874999999994,0.6838359556548077,72.46253759838298,3099.524152470114,13.28764634916054,23.304573421599994,10.427138735376856,44.20279591083045,-0.03418617664715799
1997/10/01,54.18741501,1.9981779400000048,0.19979874999999986,1.9979874999999994,0.6838483696647057,72.47215141390824,3102.340433297437,13.291407291496554,23.41408841834766,10.34685773273928,44.250766093401154,-0.03418617664715799
1997/11/01,54.81419355,1.9981779400000048,0.19979874999999986,1.9979874999999994,0.6838849534795449,72.4873327794697,3105.1734882925675,13.29498557876239,23.524526629629538,10.268928045963943,44.30696356602281,-0.03418617664715799
1997/12/01,55.46816186,1.9981779400000048,1.4653812733333365,3.9961654400000057,0.6839536420921102,72.50801127391351,3108.0233607184227,13.298386839816407,23.635913194783537,10.193507400684613,44.37342094940966,-0.03418617664715799
1998/01/01,56.14498802,1.9981779400000048,1.1489761205000009,5.994343380000006,0.6840623951661117,72.53411647608549,3110.8900938379156,13.301616704042534,23.748273249728555,10.120753522535127,44.45217086454418,-0.03418617664715799
1998/02/01,56.84034013,1.9981779400000048,1.4653812733333365,3.9961654400000057,0.6842203315265551,72.56557796483247,3113.7737309139816,13.304680801390415,23.86163193415229,10.050824137149437,44.54524593115464,-0.03418617664715799
1998/03/01,57.54988626,1.9981779400000048,0.19979874999999986,1.9979874999999994,0.6844365755498366,72.60232531900093,3116.6743152095446,13.307584760766582,23.976014384092796,9.983876970161287,44.65467877021248,-0.03418617664715799
1998/04/01,58.26929451,1.9981779400000048,0.19979874999999986,1.9979874999999994,0.6847199473611185,72.64428811743672,3119.5918899875264,13.310334212005765,24.091445737901378,9.920069747204632,44.78250200163762,-0.03418617664715799
1998/05/01,58.99423297,1.9981779400000048,0.6660720093333343,3.9961654400000057,0.6850790174769231,72.69139593898674,3122.526498510866,13.312934784174647,24.20795113356121,9.859560193913214,44.930748246658595,-0.03418617664715799
1998/06/01,59.72036972,1.9981779400000048,0.7992711759999989,3.9963558800000096,0.6855220116493791,72.74357836249698,3125.478184042469,13.315392106849261,24.325555708187956,9.802506035920956,45.10145012505879,-0.03418617664715799
1998/07/01,60.44337286,1.9981779400000048,0.6660720093333343,3.9961654400000057,0.6860740868437913,72.80076496681363,3128.4860835509153,13.317711809484672,24.44428460075697,9.751176180695717,45.32087039789778,-0.03418617664715799
1998/08/01,61.15891047,1.9981779400000048,0.7992711759999989,3.9963558800000096,0.6866716946684147,72.86288533078336,3131.512521575033,13.319899521232038,24.564162947054143,9.702561595681923,45.55469649393429,-0.03418617664715799
1998/09/01,61.86265065,1.9981779400000048,0.7992711759999989,3.9963558800000096,0.6872670200466366,72.92986903325205,3134.5589164204607,13.321960871986326,24.68521588682224,9.65576441559655,45.79284596324607,-0.03418617664715799
1998/10/01,62.55026148,1.9981779400000048,0.7992711759999989,3.9963558800000096,0.6878135583211586,73.00164565306669,3137.6266863928663,13.32390149082955,24.807468556166473,9.609886775156472,46.02523635550431,-0.03418617664715799
1998/11/01,63.21741104,1.9981779400000048,0.6660720093333343,3.9961654400000057,0.6882635869795107,73.07814476907319,3140.7172497978972,13.325727007196168,24.930946093778903,9.564030809078496,46.241785221277006,-0.03418617664715799
1998/12/01,63.85976744,1.9981779400000048,0.6660720093333343,3.9961654400000057,0.6885695227578339,73.1592959601178,3143.8320249411845,13.3274430505984,25.055673636877227,9.517298652079505,46.4324101116016,-0.03418617664715799
1999/01/01,64.47299875,1.9981779400000048,0.7992711759999989,3.9963558800000096,0.6922477657344563,73.24502880504694,3146.972430128396,13.329055250124055,25.181676323572667,9.46879243887643,46.58702857545055,0.016760025295841967
1999/02/01,65.05277308,1.9981779400000048,0.6847328160000001,3.7162533400000037,0.6921240406824786,73.33527288270675,3150.139883665148,13.3305692359231,25.308979291499362,9.417614304186065,46.695558163926286,0.016760025295841967
1999/03/01,65.59475849,1.9981779400000048,0.6847328160000001,3.7162533400000037,0.6917141670729661,73.42995777194425,3153.3358038571077,13.331990636808744,25.437607678251652,9.362866382725322,46.7479164265827,0.016760025295841967
1999/04/01,66.0776019,1.9981779400000048,0.17180753999999993,1.7180753999999987,0.6909710195177566,73.52901305160485,3156.561609009934,13.333325082292019,25.56758662145471,9.303650809211057,46.73402091412554,0.016760025295841967
1999/05/01,66.51739681,1.9981779400000048,0.6847328160000001,3.7162533400000037,0.6898470844127788,73.63236830053532,3159.8187174292484,13.33457820205636,25.698941258867677,9.239069718360174,46.643789176574444,0.016760025295841967
1999/06/01,66.91321557,1.9981779400000048,0.6847328160000001,3.7162533400000037,0.6882943570541209,73.73995309758239,3163.1085474207193,13.33575562516119,25.831696728953716,9.168225244889475,46.46713876420739,0.016760025295841967
1999/07/01,67.2641305,1.9981779400000048,0.17180753999999993,1.7180753999999987,0.6862237534360421,73.85169702159149,3166.6196092979267,13.336907185727812,25.965878168620268,9.083415289088189,46.13310179416058,0.016760025295841967
1999/08/01,67.56921392,1.9981779400000048,0.17180753999999993,1.7180753999999987,0.6837784254633554,73.96752965140978,3170.1590728748392,13.337988111965778,26.101510715890917,8.99394833801864,45.72292393322806,0.016760025295841967
1999/09/01,67.82753817,1.9981779400000048,0.6847328160000001,3.7162533400000037,0.6810596321285782,74.08738056588311,3173.721200008321,13.338997778015314,26.238619508420985,8.90232864361165,45.256965447439164,0.016760025295841967
1999/10/01,68.03817557,1.9981779400000048,0.17180753999999993,1.7180753999999987,0.6781680633157304,74.21117934385818,3177.3002525551788,13.339935558179084,26.3772296838355,8.811060457797891,44.75558660409345,0.016760025295841967
1999/11/01,68.20019845,1.9981779400000048,0.17180753999999993,1.7180753999999987,0.675204696016116,74.3388555641808,3180.890492372299,13.340800826310591,26.517366380185535,8.722648032508117,44.23914766965299,0.016760025295841967
1999/12/01,68.31267914,1.9981779400000048,0.17180753999999993,1.7180753999999987,0.6722713776828474,74.47033880569778,3184.4861813165353,13.341592957144533,26.659054734743574,8.639595619673088,43.72800891064365,0.016760025295841967
2000/01/01,68.37468996,1.9981779400000048,0.17180753999999993,1.7180753999999987,0.6694683534212452,74.60555864725507,3188.08158124473,13.342311323936627,26.802319885216136,8.564407471223495,43.242530594906356,0.016760025295841967
2000/02/01,68.38530326,1.9981779400000048,0.17180753999999993,1.7180753999999987,0.6668970228715102,74.74444466769936,3191.670954013751,13.342955301594818,26.9471869700597,8.49958783909015,42.80307298792112,0.016760025295841967
2000/03/01,68.34359134,1.9981779400000048,0.7992711759999989,3.9963558800000096,0.6646580413309093,74.88692644587657,3195.2485614804377,13.343524264047929,27.093681126341835,8.447640975203736,42.42999635783502,0.016760025295841967
2000/04/01,68.2227512,1.9981779400000048,0.6847328160000001,3.7162533400000037,0.6628523104128687,75.0329335606335,3198.8086655016327,13.344017585133466,27.241827492375858,8.41107113149499,42.143660970435334,0.016760025295841967
2000/05/01,68.05290558,1.9981779400000048,0.6847328160000001,3.7162533400000037,0.6615818365140042,75.18239559081621,3202.3455279342293,13.344434639508261,27.39165120511678,8.392382559894678,41.96442709262833,0.016760025295841967
2000/06/01,67.83830188,1.9981779400000048,0.6847328160000001,3.7162533400000037,0.6609467422446399,75.33524211527082,3205.853410635045,13.344774800867475,27.543177402598552,8.394079512333493,41.91265499098871,0.016760025295841967
2000/07/01,67.58318748,1.9981779400000048,0.17180753999999993,1.7180753999999987,0.6611066067789092,75.49155259571283,3209.1549333334488,13.345037443496942,27.69706289193169,8.426884322810965,42.088592900981794,0.016760025295841967
2000/08/01,67.2918098,1.9981779400000048,0.17180753999999993,1.7180753999999987,0.6619012096984364,75.65103179517426,3212.42311716754,13.34522194191589,27.85262859341219,8.480974066653376,42.3927690430506,0.016760025295841967
2000/09/01,66.96841622,1.9981779400000048,0.17180753999999993,1.7180753999999987,0.6632285989751399,75.81353435106767,3215.6593409645843,13.345327669660731,28.009827098019734,8.55474395475721,42.80559969985867,0.016760025295841967
2000/10/01,66.61725414,1.9981779400000048,0.17180753999999993,1.7180753999999987,0.6649868074331494,75.97891490080472,3218.8649835518854,13.345354001288376,28.168610995780494,8.646589198018745,43.3075011540702,0.016760025295841967
2000/11/01,66.24257095,1.9981779400000048,0.17180753999999993,1.7180753999999987,0.667073867213178,76.14702808179814,3222.041423756722,13.345300310759363,28.328932876612246,8.75490500733447,43.8788896883494,0.016760025295841967
2000/12/01,65.84861407,1.9981779400000048,0.17180753999999993,1.7180753999999987,0.669387810455922,76.31772853145915,3225.190040406391,13.345165972212156,28.490745330699035,8.87808659360071,44.50018158535995,0.016760025295841967
2001/01/01,65.43963087,1.9981779400000048,0.149782656,1.49782656,0.6719122843735222,76.49087088720064,3228.312212328175,13.344950359889811,28.6540009485051,9.014529167713809,45.151793127766254,0.09845876815690897
2001/02/01,65.01986876,1.9981779400000048,0.149782656,1.49782656,0.6743740909638231,76.66630978643418,3231.4093183493505,13.344652847938317,28.818652320136763,9.162627940570255,45.81414059823213,0.09845876815690897
2001/03/01,64.60786916,1.9981779400000048,1.5987575240000031,3.4960045000000024,0.676756877438963,76.84389986657219,3234.4827372972277,13.344272810362403,28.984652034894175,9.320778123066352,46.46764027942128,0.09845876815690897
2001/04/01,64.19072664,1.9981779400000048,1.2739056780000024,4.74526916000001,0.6789586723800288,77.02349576502658,3237.5338479990723,13.343809621430815,29.151952684144618,9.48737492609849,47.09270845399842,0.09845876815690897
2001/05/01,63.76982979,1.9981779400000048,1.2739056780000024,4.74526916000001,0.6808775077028886,77.20495211920931,3240.5640292821877,13.34326265526142,29.32050685767032,9.660813560563103,47.66976140462715,0.09845876815690897
2001/06/01,63.34656719,1.9981779400000048,1.1864786690000002,4.74526916000001,0.6824114200264345,77.38812356653234,3243.5746599738563,13.342631286058507,29.49026714530985,9.839489237356585,48.179215413971505,0.09845876815690897
2001/07/01,62.92232745,1.9981779400000048,1.1490867980000017,3.4960045000000024,0.6834134618868133,77.5728647444084,3246.5170376733777,13.341914887934019,29.66118613766868,10.021553952446569,48.545096452080564,0.09845876815690897
2001/08/01,62.49849915,1.9981779400000048,1.1490867980000017,3.4960045000000024,0.6839840767931766,77.75903029024873,3249.4409079637867,13.34111283489021,29.8332164239589,10.205767852334034,48.83240632424568,0.09845876815690897
2001/09/01,62.07647088,1.9981779400000048,1.1490867980000017,3.4960045000000024,0.6841787280777614,77.9464748414664,3252.3459351857127,13.340224501233635,30.006310595835675,10.390647755379707,49.049756469438464,0.09845876815690897
2001/10/01,61.65763124,1.9981779400000048,0.149782656,1.49782656,0.6840528790728055,78.13505303547251,3255.231783679838,13.33924926107401,30.180421242285554,10.574710479944253,49.205758326630615,0.09845876815690897
2001/11/01,61.24336882,1.9981779400000048,0.149782656,1.49782656,0.6836619931105441,78.32461950967948,3258.0981177867925,13.338186488424498,30.355500954050235,10.756472844388387,49.30902333479377,0.09845876815690897
2001/12/01,60.83507221,1.9981779400000048,0.149782656,1.49782656,0.6830615335232191,78.51502890149946,3260.9446018472513,13.337035557775668,30.531502320924194,10.934451667072773,49.368162932899324,0.09845876815690897
2002/01/01,60.43413,1.9981779400000048,0.149782656,1.49782656,0.6823069636430663,78.7061358483446,3263.7709002018614,13.335795842750537,30.708377933562566,11.10716376635819,49.39178855991922,0.09845876815690897
2002/02/01,60.04193078,1.9981779400000048,0.149782656,1.49782656,0.6814537468023222,78.89779498762697,3266.5766771912686,13.334466717880264,30.88608038093051,11.273125960605324,49.38851165482462,0.09845876815690897
2002/03/01,59.66723659,1.9981779400000048,0.149782656,1.49782656,0.6805573463332315,79.08986095675823,3269.361597156164,13.333047557400594,31.06456225513548,11.430855068174775,49.36694365658751,0.09845876815690897
2002/04/01,59.30258789,1.9981779400000048,0.7243798480000001,2.7470912200000055,0.6796732255680206,79.28218839315137,3272.1253244371724,13.33153773515669,31.243776144851832,11.578867907427393,49.33569600417929,0.09845876815690897
2002/05/01,58.94789858,1.9981779400000048,0.149782656,1.49782656,0.6788568478389412,79.4746319342174,3274.867523374949,13.329936625320428,31.423674640417975,11.715681296723739,49.30338013657171,0.09845876815690897
2002/06/01,58.60308256,1.9981779400000048,0.149782656,1.49782656,0.6781636764782186,79.66704621736893,3277.587858310151,13.32824360227231,31.604210331945733,11.839812054424621,49.278607492736285,0.09845876815690897
2002/07/01,58.26805374,1.9981779400000048,0.149782656,1.49782656,0.6776703441629138,79.8592858800178,3280.2578485854606,13.326458039815503,31.785335810306375,11.946227103623093,49.28980133317481,0.09845876815690897
2002/08/01,57.94272602,1.9981779400000048,0.149782656,1.49782656,0.6773370521736023,80.05120555957679,3282.906215417617,13.324579312280715,31.96700366520711,12.03876808258854,49.31585538992771,0.09845876815690897
2002/09/01,57.62701331,1.9981779400000048,0.7243798480000001,2.7470912200000055,0.6771451711356806,80.2426598934574,3285.5335350618866,13.322606794000185,32.1491664868822,12.117726757315722,49.35547519120178,0.09845876815690897
2002/10/01,57.3208295,1.9981779400000048,0.7243798480000001,2.7470912200000055,0.6770760716745541,80.43350351907134,3288.1403837735306,13.320539858834964,32.3317768654821,12.18339489379911,49.40736626520361,0.09845876815690897
2002/11/01,57.02408851,1.9981779400000048,0.7243798480000001,2.7470912200000055,0.6771111244156088,80.62359107383156,3290.727337807824,13.31837788104706,32.51478739047217,12.236064258033181,49.470234140139674,0.09845876815690897
2002/12/01,56.73670422,1.9981779400000048,0.7243798480000001,2.7470912200000055,0.6772316999842406,80.8127771951495,3293.2949734200292,13.316120234601467,32.69815065375443,12.276026616012494,49.54278434421655,0.09845876815690897
2003/01/01,56.45859056,1.9981779400000048,0.13230406000000006,1.3230406,0.6796750384058521,81.0009165204373,3295.843866865413,13.31376629412817,32.88181924384438,12.303573733731644,49.62372240564063,0.15394173656484175
2003/02/01,56.18966142,1.9981779400000048,0.13230406000000006,1.3230406,0.679910771505835,81.18786368710745,3298.374594399245,13.31131543337078,33.06574575100659,12.318997377185124,49.71175385261877,0.15394173656484175
2003/03/01,55.91701946,1.9981779400000048,0.13230406000000006,1.3230406,0.6801761393095879,81.3734733325716,3300.887732276778,13.308767026436689,33.249882765985724,12.322589312367498,49.80558421335705,0.15394173656484175
2003/04/01,55.65595207,1.9981779400000048,0.7331191459999987,2.6596982400000067,0.6804525124425009,81.5576000942421,3303.3838567532694,13.306120447495864,33.43418287883653,12.31464130527327,49.90391901606273,0.15394173656484175
2003/05/01,55.40893542,1.9981779400000048,0.7331191459999987,2.6596982400000067,0.6807212615299758,81.74009860953066,3305.8635440840244,13.303375070943495,33.61859867971406,12.2954451218971,50.005463788941746,0.15394173656484175
2003/06/01,55.17844564,1.9981779400000048,0.7331191459999987,2.6596982400000067,0.680963757197405,81.9208235158499,3308.327370524262,13.300530270771866,33.803082759461375,12.26529252823336,50.10892406020095,0.15394173656484175
2003/07/01,54.96695889,1.9981779400000048,0.2646081200000001,1.3230406,0.6811547479735423,82.09962945061146,3310.7679160867333,13.297585420892377,33.987587706749366,12.222710456658472,50.212229074536005,0.15394173656484175
2003/08/01,54.77695132,1.9981779400000048,0.7331191459999987,2.6596982400000067,0.681305403918692,82.2763710512276,3313.1932463506223,13.294539895833164,34.17206611282397,12.170637929753122,50.315248842357455,0.15394173656484175
2003/09/01,54.61089909,1.9981779400000048,0.2646081200000001,1.3230406,0.6814202729965073,82.45090295511028,3315.603430814251,13.291393069504236,34.356470567259684,12.110249130320932,50.41707703362723,0.15394173656484175
2003/10/01,54.47127834,1.9981779400000048,0.7331191459999987,2.6596982400000067,0.6815039031706576,82.62307979967177,3317.998538975931,13.288144316350602,34.54075366060326,12.042718241165584,50.51680731830729,0.15394173656484175
2003/11/01,54.36056523,1.9981779400000048,0.7331191459999987,2.6596982400000067,0.6815608424048009,82.79275622232379,3320.378640333948,13.284793009862577,34.724867983308194,11.969219445090648,50.61353336635985,0.15394173656484175
2003/12/01,54.2812359,1.9981779400000048,0.13230406000000006,1.3230406,0.6815956386625944,82.95978686047911,3322.7438043866164,13.281338525014485,34.908766124721325,11.890926924899924,50.70634884774626,0.15394173656484175
2004/01/01,54.23576651,1.9981779400000048,0.13230406000000006,1.3230406,0.6816128399077017,83.12402635154899,3325.0941006322355,13.27778023551305,35.09240067510791,11.80901486339696,50.79434743242937,0.15394173656484175
2004/02/01,54.22663322,1.9981779400000048,0.13230406000000006,1.3230406,0.6816169941037774,83.28532933294588,3327.429598569114,13.274117515356515,35.27572422546733,11.724657443385427,50.876622790370476,0.15394173656484175
2004/03/01,54.27914611,1.9981779400000048,0.13230406000000006,1.3230406,0.681612649214486,83.44355044208174,3329.75036769558,13.27034973897816,35.458689364948384,11.63902884766896,50.95226859153182,0.15394173656484175
2004/04/01,54.3683806,1.9981779400000048,0.13230406000000006,1.3230406,0.6816043532034841,83.59854431636927,3332.0564775098983,13.266476280312416,35.64124868469121,11.553303259051333,51.02037850587519,0.15394173656484175
2004/05/01,54.49224606,1.9981779400000048,0.13230406000000006,1.3230406,0.6815966540344391,83.75016559321968,3334.347997510396,13.262496513746411,35.82335477371799,11.468654860336112,51.08004620336264,0.15394173656484175
2004/06/01,54.64865185,1.9981779400000048,0.7331191459999987,2.6596982400000067,0.6815940996710017,83.89826891004573,3336.624997195387,13.258409813059691,36.00496022285302,11.386257834326885,51.130365353956456,0.15394173656484175
2004/07/01,54.83550733,1.9981779400000048,0.13230406000000006,1.3230406,0.68160310791735,84.04243067376682,3338.879480853687,13.254215552807633,36.18601762317535,11.310756248079812,51.1667989439109,0.15394173656484175
2004/08/01,55.05072186,1.9981779400000048,0.7331191459999987,2.6596982400000067,0.6816198124548377,84.18292284050528,3341.1203693522143,13.249913106951455,36.36647956299736,11.238119386782994,51.193886669235475,0.15394173656484175
2004/09/01,55.29220481,1.9981779400000048,0.9549876166666675,3.3212185400000043,0.6816422168053463,84.31973916291902,3343.3485185033296,13.24550184949265,36.5462986339106,11.167786491113906,51.21253754174512,0.15394173656484175
2004/10/01,55.55786553,1.9981779400000048,0.9660129550000014,2.6596982400000067,0.6816683244907437,84.45287339366547,3345.5647841194427,13.240981154910717,36.725427425084035,11.099196801750054,51.223660573256275,0.15394173656484175
2004/11/01,55.84561339,1.9981779400000048,0.7331191459999987,2.6596982400000067,0.6816961390329009,84.58231928540246,3347.770022012929,13.23635039689879,36.9038185278466,11.031789559368773,51.228164775583615,0.15394173656484175
2004/12/01,56.15335775,1.9981779400000048,0.9990889700000024,1.9981779400000048,0.6817236639536938,84.7080705907888,3349.965087996195,13.23160895015713,37.08142453059187,10.965004004647522,51.22695916054277,0.15394173656484175
2005/01/01,56.47900797,1.9981779400000048,0.14211184400000007,1.42111844,0.6817625915321334,84.83012106248195,3352.1508378816065,13.22675618827791,37.258198025177755,10.898279378263828,51.220952739949844,0.1404729318308422
2005/02/01,56.82047342,1.9981779400000048,0.14211184400000007,1.42111844,0.6817835477758086,84.94846445314009,3354.328127481541,13.22179148572701,37.434091600410994,10.831054920895042,51.21105452561973,0.1404729318308422
2005/03/01,57.17566345,1.9981779400000048,0.7282152539999994,2.7087371600000067,0.6817982249637393,85.06309451542066,3356.49781260842,13.216714216567391,37.60905784811128,10.762769873218723,51.19817352936839,0.1404729318308422
2005/04/01,57.54248743,1.9981779400000048,0.7282152539999994,2.7087371600000067,0.681804626617792,85.17400500198181,3358.6607490746096,13.211523754995385,37.78304935676348,10.692863475912187,51.18321876301112,0.1404729318308422
2005/05/01,57.91885473,1.9981779400000048,0.14211184400000007,1.42111844,0.681800756259839,85.28118966548112,3360.8177926925146,13.206219475055281,37.95601871775263,10.620774969652976,51.167099238363306,0.1404729318308422
2005/06/01,58.30267469,1.9981779400000048,0.14211184400000007,1.42111844,0.6817846174117566,85.38464225857757,3362.9697992744864,13.200800751039456,38.12791852071179,10.545943595118507,51.15072396724079,0.1404729318308422
2005/07/01,58.69185669,1.9981779400000048,0.7282152539999994,2.7087371600000067,0.6817534388709747,85.48435653392863,3365.134382079239,13.195266956997381,38.298701355701866,10.46482892964352,51.13680267478182,0.1404729318308422
2005/08/01,59.08431009,1.9981779400000048,1.3143186639999989,3.419296380000003,0.6817087104193496,85.580326244192,3367.2943478822467,13.18961746715323,38.468319812971174,10.381339749368918,51.123543332366275,0.1404729318308422
2005/09/01,59.47794424,1.9981779400000048,1.4986334549999998,3.9963558800000096,0.6816511471143046,85.67254514202598,3369.449260702378,13.183851655205372,38.636726482195,10.296405126643467,51.110954595148684,0.1404729318308422
2005/10/01,59.87066852,1.9981779400000048,1.3987245580000014,3.9963558800000096,0.6815814640132603,85.76100698008769,3371.598684558484,13.177968896004982,38.80387395497873,10.21095413381604,51.099045118282945,0.1404729318308422
2005/11/01,60.26039228,1.9981779400000048,1.3987245580000014,3.9963558800000096,0.6815003761736315,85.84570551103597,3373.7421834694283,13.171968563255561,38.96971482035257,10.125915843235381,51.087823556923624,0.1404729318308422
2005/12/01,60.64502488,1.9981779400000048,1.1618714846666676,3.419296380000003,0.6814085986528364,85.9266344875286,3375.879321454056,13.165850031201726,39.134201668121726,10.04221932725022,51.077298566224485,0.1404729318308422
2006/01/01,61.02247569,1.9981779400000048,1.2988156610000003,3.9963558800000096,0.6813068465082954,86.00378766222342,3378.009662531228,13.159612674133456,39.297287088866526,9.960793658209452,51.067478801339995,0.1404729318308422
2006/02/01,61.39065407,1.9981779400000048,1.1618714846666676,3.419296380000003,0.6811958347974284,86.07715878777839,3380.132770719813,13.153255865771484,39.45892367369146,9.882567908461844,51.058372917424215,0.1404729318308422
2006/03/01,61.74315722,1.9981779400000048,1.0160992913333309,4.706915100000012,0.6810762785776503,86.14674161685122,3382.2482100386574,13.14677898080422,39.61906401186271,9.80847115035612,51.04998956963125,0.1404729318308422
2006/04/01,62.08306909,1.9981779400000048,1.2566127140000032,3.419296380000003,0.6809488929063852,86.21252990210054,3384.3555445066045,13.140181392942196,39.7776606925118,9.739432456241104,51.04233741311552,0.1404729318308422
2006/05/01,62.40916149,1.9981779400000048,1.5038011226666657,4.706915100000012,0.6808143928410505,86.2745173961837,3386.454338142539,13.133462476610124,39.934666308383534,9.676380898465688,51.03542510303084,0.1404729318308422
2006/06/01,62.7202062,1.9981779400000048,1.415734879333334,4.706915100000012,0.680673493439063,86.33269785175841,3388.5441549653137,13.12662160594201,40.09003344746011,9.620245549378513,51.02926129453151,0.1404729318308422
2006/07/01,63.01497502,1.9981779400000048,1.2802980213333357,4.706915100000012,0.6805270401533438,86.3870650214832,3390.6179641507583,13.119658154727203,40.243714700535755,9.573525707944802,51.0238546427723,0.1404729318308422
2006/08/01,63.29223975,1.9981779400000048,0.7282152539999994,2.7087371600000067,0.6803751612615531,86.43761265801596,3392.6828776421103,13.112571497597278,40.39566265847101,9.534795101041508,51.01921380290636,0.1404729318308422
2006/09/01,63.55077218,1.9981779400000048,0.7282152539999994,2.7087371600000067,0.6802181154368515,86.48433451401444,3394.739412387685,13.105361008334418,40.545829909960055,9.504197687709333,51.01534743008837,0.1404729318308422
2006/10/01,63.7893441,1.9981779400000048,0.7282152539999994,2.7087371600000067,0.6800561613523916,86.52722434213634,3396.788085335801,13.098026061153025,40.69416904612,9.481877426988794,51.0122641794728,0.1404729318308422
2006/11/01,64.00672732,1.9981779400000048,0.14211184400000007,1.42111844,0.679889557681345,86.56627589503994,3398.8294134347766,13.090566030420451,40.84063265747174,9.467978277920535,51.00997270621342,0.1404729318308422
2006/12/01,64.20169362,1.9981779400000048,0.14211184400000007,1.42111844,0.6797185630968622,86.60148292538369,3400.8639136329275,13.082980290244587,40.98517333356054,9.462644199545165,51.00848166546447,0.1404729318308422
2007/01/01,64.3730148,1.9981779400000048,0.6782147653333336,3.8140241000000072,0.6792697746006792,86.63283918582464,3402.8921028785917,13.075268214482021,41.12774366407292,9.466019150903334,51.00779971238031,0.032067171053753736
2007/02/01,64.51946265,1.9981779400000048,0.18158461600000003,1.8158461600000002,0.6790907742088109,86.66033842902102,3404.9144981200675,13.067429177340662,41.2682962403199,9.478247091035675,51.007935502114755,0.032067171053753736
2007/03/01,64.63640835,1.9981779400000048,0.18158461600000003,1.8158461600000002,0.6789081589229885,86.68397440763103,3406.931616305683,13.059462553132128,41.40678365201214,9.499471978982774,51.00889768982244,0.032067171053753736
2007/04/01,64.72670445,1.9981779400000048,0.6782147653333336,3.8140241000000072,0.6787221874163769,86.70374087431234,3408.943974383755,13.051367715996488,41.54315848911029,9.529837773785193,51.01069493065712,0.032067171053753736
2007/05/01,64.78980285,1.9981779400000048,0.6782147653333336,3.8140241000000072,0.6785331183621309,86.71963158172302,3410.9520893026224,13.043144039959797,41.67737334237221,9.569488434483677,51.01333587977323,0.032067171053753736
2007/06/01,64.82515548,1.9981779400000048,0.7992711759999989,3.9963558800000096,0.6783412104334124,86.7316402825211,3412.9564780105693,13.034790899297935,41.80938079957622,9.61856792011873,51.016829192324955,0.032067171053753736
2007/07/01,64.83221426,1.9981779400000048,0.6782147653333336,3.8140241000000072,0.6781466601418341,86.73976072936443,3414.9747612623364,13.026307667939804,41.93913345480781,9.669166338482881,51.02118352346624,0.032067171053753736
2007/08/01,64.81043111,1.9981779400000048,0.6782147653333336,3.8140241000000072,0.6779500058875231,86.74398667491074,3416.989766997564,13.017693720248857,42.06658389514167,9.733508415125517,51.02640752835161,0.032067171053753736
2007/09/01,64.75925795,1.9981779400000048,0.18158461600000003,1.8158461600000002,0.6777517239090601,86.74431187181833,3419.0014266734215,13.008948430284322,42.191684712174435,9.815765034711267,51.03250986213496,0.032067171053753736
2007/10/01,64.67814669,1.9981779400000048,0.18158461600000003,1.8158461600000002,0.6775522904450243,86.7407300727452,3421.0096717470533,13.000071172258895,42.314388496085485,9.920107081904764,51.0394991799704,0.032067171053753736
2007/11/01,64.56654926,1.9981779400000048,0.18158461600000003,1.8158461600000002,0.6773521817340005,86.73323503034894,3423.0144336755616,12.991061320196696,42.43464783590051,10.05070544137069,51.04738413701268,0.032067171053753736
2007/12/01,64.42391758,1.9981779400000048,0.18158461600000003,1.8158461600000002,0.6771518740145644,86.72182049728751,3425.015643916076,12.98191824824294,42.55241532297634,10.211730997773753,51.05617338841522,0.032067171053753736
2008/01/01,64.24970356,1.9981779400000048,0.6782147653333336,3.8140241000000072,0.6769518435253025,86.70648022621938,3427.0132339257516,12.972641330682094,42.6676435469239,10.407354635778589,51.06587558933264,0.032067171053753736
2008/02/01,64.04335913,1.9981779400000048,0.6782147653333336,3.8140241000000072,0.6767525665047858,86.68720796980175,3429.00713516171,12.96322994159927,42.780285098275165,10.64174724004992,51.07649939491898,0.032067171053753736
2008/03/01,63.79048963,1.9981779400000048,0.6782147653333336,3.8140241000000072,0.6765545191916039,86.66399748069361,3430.9972790810907,12.953683455108385,42.89029256584008,10.919079695252352,51.08805346032858,0.032067171053753736
2008/04/01,63.50716287,1.9981779400000048,0.7992711759999989,3.9963558800000096,0.6763581778243314,86.63684251155155,3432.9835971409993,12.944001245282234,42.99761854167474,11.243522886050563,51.10054644071526,0.032067171053753736
2008/05/01,63.19560008,1.9981779400000048,0.7992711759999989,3.9963558800000096,0.6761640186415525,86.60573681503455,3434.9660207986003,12.934182686426423,43.10221561439845,11.619247697109223,51.113986991233475,0.032067171053753736
2008/06/01,62.85802251,1.9981779400000048,0.7992711759999989,3.9963558800000096,0.675972517881844,86.5706741438001,3436.9444815110155,12.924227152490468,43.20403637615589,12.050425013093006,51.128383767037505,0.032067171053753736
2008/07/01,62.49665138,1.9981779400000048,0.7992711759999989,3.9963558800000096,0.6757841701236429,86.531338236351,3438.9339584434365,12.914134017799837,43.30303341459906,12.571829046120985,51.14374542328122,0.032067171053753736
2008/08/01,62.11370793,1.9981779400000048,0.7992711759999989,3.9963558800000096,0.6755993690761916,86.48818783916325,3440.9203646609426,12.903902656560424,43.39915932141509,13.141725736330086,51.16008061511905,0.032067171053753736
2008/09/01,61.71141341,1.9981779400000048,0.7992711759999989,3.9963558800000096,0.6754185267885894,86.44137171197166,3442.904660759876,12.893532442613388,43.4923666865863,13.748984304657714,51.17739799770506,0.032067171053753736
2008/10/01,61.29198904,1.9981779400000048,0.9536928160000007,2.9061010200000044,0.6752420553099382,86.39103861451272,3444.8878073365536,12.883022750257302,43.58260810037748,14.382473972041309,51.19570622619342,0.032067171053753736
2008/11/01,60.85765606,1.9981779400000048,0.6782147653333336,3.8140241000000072,0.6750703666893331,86.33733730652128,3446.870764987326,12.872372953907599,43.66983615206856,15.031063959418471,51.2150139557382,0.032067171053753736
2008/12/01,60.4106357,1.9981779400000048,0.6782147653333336,3.8140241000000072,0.6749038729758732,86.2804165477334,3448.8544943085326,12.861582427226063,43.75400343384453,15.683623487726612,51.2353298414938,0.032067171053753736
2009/01/01,59.95314921,1.9981779400000048,0.6617106493333345,4.061585840000007,0.6760108905043761,86.22042509788427,3450.839955896507,12.850650544640983,43.835062532534906,16.329021777903215,51.25666253861432,-0.030895304391157806
2009/02/01,59.48741781,1.9981779400000048,1.1407985705000014,6.059763780000012,0.6758560227525038,86.15751171670992,3452.8281103475715,12.839576680195135,43.91296604130398,16.956128050885745,51.27902070225373,-0.030895304391157806
2009/03/01,59.01203535,1.9981779400000048,1.1407985705000014,6.059763780000012,0.6757075860550745,86.09182516394583,3454.8199182581034,12.828360207986657,43.987666549750486,17.55381152761173,51.30241298756658,-0.030895304391157806
2009/04/01,58.53357593,1.9981779400000048,1.1407985705000014,6.059763780000012,0.6755659924611854,86.02351419932707,3456.81634022438,12.817000502443815,44.059116646555125,18.11094142901869,51.326848049706754,-0.030895304391157806
2009/05/01,58.05498628,1.9981779400000048,0.6961007810000006,6.059763780000012,0.6754316540199338,85.95272758259013,3458.8183368427926,12.805496937476402,44.1272689236411,18.616386976043948,51.35233454382881,-0.030895304391157806
2009/06/01,57.5792131,1.9981779400000048,1.2267738996666693,10.056119660000023,0.6753049827804207,85.87961407346953,3460.8268687096497,12.793848887311713,44.19207596983256,19.05901738962516,51.378881125086444,-0.030895304391157806
2009/07/01,57.10920311,1.9981779400000048,1.0338341320000004,8.057941719999981,0.6751863858376863,85.80432243170138,3462.9034670220663,12.782055726037623,44.253490375903226,19.39389029847494,51.406496448633895,-0.030895304391157806
2009/08/01,56.64790303,1.9981779400000048,1.1407985705000014,6.059763780000012,0.6750762975340883,85.72700141702178,3464.9856001383796,12.77011682774862,44.311464732201955,19.660592417600636,51.435189169625794,-0.030895304391157806
2009/09/01,56.19825957,1.9981779400000048,1.1407985705000014,6.059763780000012,0.674975147257921,85.64779978916512,3467.071306945536,12.758031566860774,44.365951628563515,19.86489876405196,51.46496794321575,-0.030895304391157806
2009/10/01,55.76321944,1.9981779400000048,1.1407985705000014,6.059763780000012,0.6748833643974873,85.56686630786793,3469.1586263305308,12.745799317089121,44.41690365529762,20.012584354878864,51.49584142455812,-0.030895304391157806
2009/11/01,55.34572936,1.9981779400000048,1.4479358333333356,4.061585840000007,0.6748013783410833,85.48434973286581,3471.24559718027,12.733419452805313,44.46427340269928,20.10942420713096,51.527818268807266,-0.030895304391157806
2009/12/01,54.94873604,1.9981779400000048,1.5854963600000027,6.059763780000012,0.6747296184770076,85.40039882389334,3473.330258381702,12.720891348164145,44.50801346029581,20.16119333785852,51.56090713111715,-0.030895304391157806
2010/01/01,54.5751862,1.9981779400000048,1.4479358333333356,4.061585840000007,0.6746685141935616,85.31516234068735,3475.410648821807,12.708214377539786,44.54807641881463,20.173666764110976,51.59511666664215,-0.030895304391157806
2010/02/01,54.22802656,1.9981779400000048,1.4479358333333356,4.061585840000007,0.674618494879042,85.2287890429828,3477.484807387545,12.695387914481975,44.58441486841964,20.152619502938276,51.63045553053635,-0.030895304391157806
2010/03/01,53.92597092,1.9981779400000048,1.1407985705000014,6.059763780000012,0.6745799899217484,85.14142769051502,3479.550772965843,12.682411333800825,44.61698139882902,20.103826571390442,51.66693237795389,-0.030895304391157806
2010/04/01,53.65304548,1.9981779400000048,1.1407985705000014,6.059763780000012,0.6745534287099768,85.05322704302046,3481.60658444367,12.669284009115465,44.645728600559735,20.033062986517006,51.70455586404902,-0.030895304391157806
2010/05/01,53.40904354,1.9981779400000048,0.6617106493333345,4.061585840000007,0.674539240632026,84.96433586023358,3483.6502807079705,12.656005314809764,44.67060906400978,19.946103765368072,51.74333464397569,-0.030895304391157806
2010/06/01,53.19375839,1.9981779400000048,0.6961007810000006,6.059763780000012,0.6745378550761983,84.87490290189105,3485.679900645703,12.642574625126208,44.691575379075566,19.848723924993294,51.7832773728884,-0.030895304391157806
2010/07/01,53.00698333,1.9981779400000048,0.6961007810000006,6.059763780000012,0.6745502458747161,84.7850769277278,3487.6406835771245,12.62902215560767,44.70709788167306,19.758207013754593,51.82478526083786,-0.030895304391157806
2010/08/01,52.84851165,1.9981779400000048,0.6617106493333345,4.061585840000007,0.6745743924182143,84.6950066974792,3489.5861879441973,12.6153110001304,44.71881878875716,19.66306506927072,51.867278145280864,-0.030895304391157806
2010/09/01,52.71813665,1.9981779400000048,0.6617106493333345,4.061585840000007,0.6746088185412432,84.60484097088144,3491.5171729463614,12.601435085752959,44.7268980648111,19.563318842935427,51.91056840392348,-0.030895304391157806
2010/10/01,52.61565163,1.9981779400000048,0.6617106493333345,4.061585840000007,0.6746520480783643,84.51472850767007,3493.434397783005,12.587388339227765,44.73149567201045,19.458989086142942,51.95446841447137,-0.030895304391157806
2010/11/01,52.54084987,1.9981779400000048,0.20634079000000002,2.0634079,0.6747026048641371,84.42481806757998,3495.338621653561,12.573164687339354,44.73277157222884,19.350096550286956,51.99879055463048,-0.030895304391157806
2010/12/01,52.49352467,1.9981779400000048,0.20634079000000002,2.0634079,0.6747590127331177,84.33525841034755,3497.230603757431,12.558758057106825,44.73088573160294,19.23666198676129,52.04334720210663,-0.030895304391157806
2011/01/01,52.47346934,1.9981779400000048,0.14328854800000007,1.4328854800000004,0.6795063622627194,84.24619829570771,3499.111103294038,12.544162375364516,44.72599811198649,19.118706146959898,52.08795073460594,0.13627583500084192
2011/02/01,52.48047716,1.9981779400000048,0.14328854800000007,1.4328854800000004,0.6795700438017857,84.15778648339659,3500.980879462781,12.529371568860087,44.71826867580993,18.99624978227647,52.132413529833734,0.13627583500084192
2011/03/01,52.52481833,1.9981779400000048,0.9990889700000024,1.9981779400000048,0.6796351479277314,84.07017173314928,3502.840691463084,12.514379564740532,44.707857386861605,18.86931364410516,52.17654796549649,0.13627583500084192
2011/04/01,52.59371387,1.9981779400000048,1.3481804795999992,6.1456841,0.6797001984751182,83.98350280470177,3504.6912984943515,12.499180289550207,44.694924209155886,18.737918483839653,52.22016641929938,0.13627583500084192
2011/05/01,52.68486168,1.9981779400000035,1.639956570000001,5.580391639999998,0.6797637192784984,83.89792845778935,3506.5334597559977,12.483767670418501,44.6796291051306,18.602085052873896,52.26308126894875,0.13627583500084192
2011/06/01,52.79595968,1.9981779400000035,1.639956570000001,5.580391639999998,0.6798242341724295,83.81359745214795,3508.367934447438,12.468135634201358,44.66213203749688,18.461834102601685,52.30510489215024,0.13627583500084192
2011/07/01,52.92470579,1.9981779400000035,1.499842337666667,5.580391639999998,0.6798798316854094,83.73065854751276,3510.197096124712,12.451947719300565,44.64191183748795,18.315180229770363,52.34527884412401,0.13627583500084192
2011/08/01,53.06879791,1.9981779400000035,1.3692806752,4.863948900000001,0.679930994529279,83.64926050361966,3512.019310768997,12.435572293484533,44.61984184052733,18.16515344246276,52.38457176084813,0.13627583500084192
2011/09/01,53.22593397,1.9981779400000035,1.3836095300000006,4.147506160000008,0.6799777701098174,83.56955208020398,3513.834558492819,12.419046932147529,44.59611424989354,18.0127775693961,52.423181431271416,0.13627583500084192
2011/10/01,53.39381186,1.9981779400000035,0.9990889700000017,5.994533819999992,0.6800202058328025,83.49168203700151,3515.642819408648,12.402409210343716,44.57092126868185,17.859076439287612,52.461305644343035,0.13627583500084192
2011/11/01,53.57012952,1.9981779400000035,1.1272624900000023,2.7146206800000074,0.6800583491040161,83.41579913374764,3517.444073628986,12.385696703325573,44.544455098825985,17.70507388085446,52.49914218901148,0.13627583500084192
2011/12/01,53.75258485,1.9981779400000035,1.1989067640000015,1.9981779400000035,0.6800922473292356,83.3420521301781,3519.2383012663386,12.368946986434722,44.516907944900034,17.551793722813795,52.53688885422577,0.13627583500084192
2012/01/01,53.93887577,1.9981779400000035,0.9990889700000017,1.9981779400000035,0.6801219479142414,83.27058978602855,3521.025482433198,12.352197634899667,44.488472008760446,17.40025979388295,52.57474342893458,0.13627583500084192
2012/02/01,54.12670018,1.9981779400000035,1.1989067640000015,1.9981779400000035,0.6801474982648102,83.20156086103432,3522.8055972420516,12.335486223701437,44.459339493502654,17.251495922779004,52.6129037020868,0.13627583500084192
2012/03/01,54.30757592,1.9981779400000035,0.9990889700000017,1.9981779400000035,0.6801689457867237,83.13511411493127,3524.5786258054027,12.31885032832057,44.42970260221394,17.106525938219246,52.65156746263143,0.13627583500084192
2012/04/01,54.486617,1.9981779400000035,0.7992711759999993,3.996355880000007,0.6801863378857617,83.07139830745457,3526.34454823575,12.30232752408657,44.3997535393376,16.96637366892085,52.69093249951727,0.13627583500084192
2012/05/01,54.66275736,1.9981779400000035,0.7992711759999993,3.996355880000007,0.6801997219677005,83.01056219834027,3528.103344645589,12.285955385870839,44.36968450549146,16.832062943600985,52.731196601692915,0.13627583500084192
2012/06/01,54.83493093,1.9981779400000035,0.28657709600000003,2.8657709599999994,0.6802091454383206,82.95275454732362,3529.85499514741,12.269771489201778,44.33968770588625,16.704617590976863,52.77255755810735,0.13627583500084192
2012/07/01,55.00207163,1.9981779400000035,0.28657709600000003,2.14932822,0.6802146132822977,82.89823373688681,3531.599545833082,12.25381176274491,44.309865240138535,16.59083333013112,52.81560222995851,0.13627583500084192
2012/08/01,55.16311341,1.9981779400000035,0.7992711759999993,3.996355880000007,0.6802163638003856,82.84698405614066,3533.3369348884175,12.238116135733224,44.28051267431703,16.48307613230124,52.85994477734259,0.13627583500084192
2012/09/01,55.31699019,1.9981779400000035,0.7037454773333331,3.431063420000004,0.680214592872231,82.79909945344741,3535.067166345042,12.222720410244865,44.25183547517504,16.3794838810217,52.90558845308405,0.13627583500084192
2012/10/01,55.4626359,1.9981779400000035,0.9736203874999994,5.429241360000015,0.6802094963774882,82.75467387716962,3536.7902442345367,12.207660389230131,44.22403910825895,16.27819445982701,52.95253651000684,0.13627583500084192
2012/11/01,55.59898448,1.9981779400000035,1.1989067640000015,1.9981779400000035,0.6802012701958069,82.71380127566954,3538.5061725884952,12.192971875048782,44.197329036287734,16.17734575225168,53.00079220093583,0.13627583500084192
2012/12/01,55.72496985,1.9981779400000035,0.14328854800000002,1.4328854799999997,0.680190110206834,82.67657559730975,3540.214955438564,12.178690670095198,44.17191072596082,16.075075641830118,53.05035877869491,0.13627583500084192
2013/01/01,55.83952596,1.9981779400000035,0.18317110199999995,1.83171102,0.6783683280473634,82.64309079045253,3541.9165968163143,12.164852577030619,44.147989642262885,15.96952201209686,53.101239496108676,0.026414705370842038
2013/02/01,55.94158672,1.9981779400000035,0.9990889700000017,1.9981779400000035,0.6783518880827595,82.61344080346025,3543.611100753344,12.151493398317594,44.12577124890955,15.858822746586416,53.15343760600132,0.026414705370842038
2013/03/01,56.01551928,1.9981779400000035,0.9532961945000014,2.9140334500000047,0.6783331019498157,82.5877195846954,3545.2984712812713,12.138648936525744,44.10546101253317,15.741115728833254,53.20695636119704,0.026414705370842038
2013/04/01,56.07773773,1.9981779400000035,0.9532961945000014,2.9140334500000047,0.6783121655281807,82.56602108252018,3546.978712431686,12.126354994062778,44.08726439664125,15.614538842371866,53.261799014520506,0.026414705370842038
2013/05/01,56.13008934,1.9981779400000035,0.9380319360000009,3.8298889600000074,0.6782892746975056,82.54843924529686,3548.651828236197,12.114647373624088,44.07138686677909,15.477229970736769,53.31796881879558,0.026414705370842038
2013/06/01,56.17442142,1.9981779400000035,0.7992711759999993,3.996355880000007,0.6782646253374364,82.5350680213882,3550.317822726415,12.103561877607707,44.058033888161674,15.32732699746237,53.375469026847014,0.026414705370842038
2013/07/01,56.21258125,1.9981779400000035,0.6771571080000003,3.8298889600000074,0.678238391462936,82.5260013591563,3551.980397762362,12.093259987924867,44.04855057623147,15.155394817664591,53.43451436472532,0.026414705370842038
2013/08/01,56.24641613,1.9981779400000035,0.6771571080000003,3.8298889600000074,0.6782108673447637,82.52133320696369,3553.635485433563,12.083640940992723,44.04185985704665,14.97093082834753,53.4947908582804,0.026414705370842038
2013/09/01,56.27777334,1.9981779400000035,0.6771571080000003,3.8298889600000074,0.678182325388987,82.5211575131728,3555.2827157231395,12.074728941145098,44.038024307980926,14.775859407254961,53.556196023723174,0.026414705370842038
2013/10/01,56.30850017,1.9981779400000035,0.6771571080000003,3.8298889600000074,0.6781530380016728,82.5255682261457,3556.9217186142623,12.066548192717443,44.03710650747213,14.572104932130642,53.618627377264886,0.026414705370842038
2013/11/01,56.34044391,1.9981779400000035,0.6771571080000003,3.8298889600000074,0.678123277588895,82.5346592942452,3558.552124090023,12.059122900267147,44.039169032636856,14.361591780718426,53.681982435116645,0.026414705370842038
2013/12/01,56.37545186,1.9981779400000035,0.6771571080000003,3.8298889600000074,0.6780933165567173,82.54852466583324,3560.1735621335847,12.05247726789501,44.0442744603215,14.146244330762105,53.746158713489855,0.026414705370842038
2014/01/01,56.41537131,1.9981779400000035,0.6771571080000003,3.8298889600000074,0.6780634273112113,82.56725828927257,3561.7856627280794,12.046635500244077,44.05248536762724,13.927986960005496,53.81105372859551,0.026414705370842038
2014/02/01,56.46204954,1.9981779400000035,0.6771571080000003,3.8298889600000074,0.6780338822584424,82.59095411292549,3563.388055856636,12.041621801512788,44.06386433267919,13.708744046192331,53.87656499664461,0.026414705370842038
2014/03/01,56.52060363,1.9981779400000035,0.6771571080000003,3.8298889600000074,0.678004953804485,82.61970608515409,3564.9803715023945,12.03746037625648,44.07847393240172,13.490439967066484,53.94259003384837,0.026414705370842038
2014/04/01,56.58895713,1.9981779400000035,0.7992711759999993,3.996355880000007,0.6779769143554044,82.6536081543212,3566.5622396484778,12.034175428601023,44.09637674449155,13.274999100371705,54.009026356417976,0.026414705370842038
2014/05/01,56.66830337,1.9981779400000035,0.3663422039999999,2.747566530000002,0.6779500363172667,82.69275426878876,3568.1332902780373,12.031791163117296,44.11763534483343,13.064345823851784,54.07577148056464,0.026414705370842038
2014/06/01,56.75983568,1.9981779400000035,0.3663422039999999,2.747566530000002,0.677924592096145,82.73723837691955,3569.6931533742027,12.03033178423962,44.142312313365764,12.86040451525062,54.14272292249958,0.026414705370842038
2014/07/01,56.8647474,1.9981779400000035,0.7992711759999993,3.996355880000007,0.6779010554664553,82.78715442707568,3571.234572627367,12.030113014706037,44.170582592610955,12.668977755022057,54.20942067704835,0.026414705370842038
2014/08/01,56.98423185,1.9981779400000035,0.7992711759999993,3.996355880000007,0.677878792676695,82.84259636761979,3572.764543032713,12.030824635923498,44.20239433338974,12.486172584525066,54.2762985427759,0.026414705370842038
2014/09/01,57.11948237,1.9981779400000035,0.7992711759999993,3.996355880000007,0.6778573713437052,82.903658146914,3574.2831733717994,12.032448063753511,44.23780805457081,12.311974280148428,54.3434327965859,0.026414705370842038
2014/10/01,57.27169229,1.9981779400000035,0.6771571080000003,3.8298889600000074,0.6778363590843309,82.97043371332079,3575.7905724261673,12.034964714073034,44.27688427319902,12.146368118280824,54.41089971538189,0.026414705370842038
2014/11/01,57.44205494,1.9981779400000035,0.18317110199999995,1.83171102,0.6778153235154158,83.04301701520255,3577.2868489773437,12.038356002387983,44.319683507538755,11.989339375311001,54.47877557606797,0.026414705370842038
2014/12/01,57.63176365,1.9981779400000035,0.18317110199999995,1.83171102,0.6777938322538053,83.12150200092155,3578.7721118068725,12.042603344623185,44.36626627480462,11.84087332762771,54.54713665554757,0.026414705370842038
2015/01/01,57.84201177,1.9981779400000035,0.15556498399999996,1.5556498399999992,0.6816922366734868,83.20598261884031,3580.246469696302,12.04768815675507,44.41669309415277,11.700955251619623,54.61605923072467,0.11133071506884205
2015/02/01,58.07399261,1.9981779400000035,0.695561186666667,3.5538277800000047,0.6816685368770172,83.29655281732137,3581.710031427157,12.053591854598771,44.47102448235868,11.569570423675508,54.6856195785029,0.11133071506884205
2015/03/01,58.35065326,1.9981779400000035,0.15556498399999996,1.5556498399999992,0.6816430842383842,83.39330654472681,3583.162905780984,12.060295853911406,44.529320958156134,11.446704120184064,54.755893975785796,0.11133071506884205
2015/04/01,58.64708256,1.9981779400000035,0.7992711759999993,3.996355880000007,0.6816154463744296,83.49633774941928,3584.605201539331,12.067781570445494,44.59164303873569,11.332341617534109,54.82695869947742,0.11133071506884205
2015/05/01,58.96012308,1.9981779400000035,0.3111299679999999,2.3334747600000005,0.6815851909020024,83.60574037976059,3586.0370274837205,12.076030420016968,44.658051241870055,11.226468192114222,54.89889002648138,0.11133071506884205
2015/06/01,59.28661741,1.9981779400000035,0.3111299679999999,2.3334747600000005,0.6815518854379442,83.72160838411396,3587.4584923957086,12.085023818652687,44.72860608687399,11.129069120313265,54.97176423370135,0.11133071506884205
2015/07/01,59.62340812,1.9981779400000035,0.7992711759999993,3.996355880000007,0.681514894240632,83.8440357108411,3588.8641778069355,12.094816310343527,44.803884123535155,11.042564339682636,55.04581166456496,0.11133071506884205
2015/08/01,59.9673378,1.9981779400000035,0.7992711759999993,3.996355880000007,0.6814747000400128,83.97311630830488,3590.259504396023,12.105311766313566,44.88339003344934,10.963287149356606,55.120877458672936,0.11133071506884205
2015/09/01,60.31524903,1.9981779400000035,1.2042683280000004,5.552005720000011,0.6814315822075716,84.10894412486718,3591.6443654921545,12.116487105392128,44.96714453194731,10.890005495142548,55.19696085966703,0.11133071506884205
2015/10/01,60.66398439,1.9981779400000035,1.2042683280000004,5.552005720000011,0.6813858201147899,84.25161310889068,3593.0186544245057,12.128319245683526,45.05516833046208,10.821487322847728,55.27406111118913,0.11133071506884205
2015/11/01,61.01038647,1.9981779400000035,1.5833379826666687,3.5538277800000047,0.6813376931331482,84.4012172087379,3594.3822645222726,12.140785106101333,45.14748214673234,10.756500578279589,55.35217745688116,0.11133071506884205
2015/12/01,61.35129783,1.9981779400000035,1.4118643711999992,7.550183659999996,0.6812874806341288,84.55785037277099,3595.7350891146257,12.153861605262426,45.24410669382865,10.693813207245437,55.43130914038471,0.11133071506884205
2016/01/01,61.68356107,1.9981779400000035,1.2042683280000004,5.552005720000011,0.6812354619892137,84.72160654935237,3597.0770215307584,12.167525661541255,45.34506268582227,10.632193155552654,55.51145540534175,0.11133071506884205
2016/02/01,62.00401877,1.9981779400000035,1.2042683280000004,5.552005720000011,0.6811819165698836,84.89257968684448,3598.4079550998486,12.181754193351045,45.4503708375516,10.570408369008586,55.592615495393886,0.11133071506884205
2016/03/01,62.29538853,1.9981779400000035,1.648156726,4.331652700000001,0.6811271237476209,85.07086373360966,3599.7277831510914,12.196524119730466,45.560051863309305,10.507226793420532,55.6747886541834,0.11133071506884205
2016/04/01,62.5714629,1.9981779400000035,1.6248219784000015,5.109477619999999,0.6810713628939085,85.25655263801029,3601.036399013645,12.21181235892766,45.674126477935715,10.441416374595926,55.75797412535179,0.11133071506884205
2016/05/01,62.83190946,1.9981779400000035,1.6248219784000015,5.109477619999999,0.681014913380227,85.44974034840871,3602.333696016717,12.227595829619197,45.79261539527981,10.371745058342086,55.84217115254078,0.11133071506884205
2016/06/01,63.0763958,1.9981779400000035,0.3111299679999999,3.1112996799999983,0.6809580545780572,85.65052081316739,3603.6195674894816,12.243851450289522,45.915539329425705,10.296980790466352,55.92737897939255,0.11133071506884205
2016/07/01,63.30458948,1.9981779400000035,0.3111299679999999,3.1112996799999983,0.6809010468682652,85.85999892461162,3604.877217129497,12.260596807065959,46.043224740952546,10.211097539304182,56.01381638711573,0.11133071506884205
2016/08/01,63.51615809,1.9981779400000035,0.3111299679999999,2.3334747600000005,0.6808442550801138,86.07675221815715,3606.1233842161987,12.277763101315301,46.17533990961656,10.120054231165701,56.101153345902816,0.11133071506884205
2016/09/01,63.7107692,1.9981779400000035,0.7992711759999993,3.996355880000007,0.6807880250522534,86.30036917018485,3607.3581182764838,12.295321967392484,46.31185886308321,10.025015800594213,56.189279330612166,0.11133071506884205
2016/10/01,63.88809039,1.9981779400000035,0.695561186666667,3.5538277800000047,0.6807327026233274,86.53043825707593,3608.581468837281,12.313245039135943,46.45275562760339,9.927147182133057,56.278083816102026,0.11133071506884205
2016/11/01,64.04778923,1.9981779400000035,0.695561186666667,3.5538277800000047,0.6806786336319831,86.76654795521117,3609.79348542551,12.33150395047308,46.59800422919403,9.827613310325507,56.367456277230914,0.11133071506884205
2016/12/01,64.18953331,1.9981779400000035,0.15556498399999996,1.5556498399999992,0.6806261639168687,87.00828674097156,3610.9942175680744,12.35007033526249,46.747578693785464,9.727579119714862,56.457286188856884,0.11133071506884205
2017/01/01,64.31299021,1.9981779400000035,0.7158579289999999,2.8323104100000065,0.6845737246880619,87.25524309073808,3612.1837147918773,12.36891582738194,46.90145304872189,9.62820954484442,56.54746302583854,0.11997559669284202
2017/02/01,64.41782749,1.9981779400000035,0.7158579289999999,2.8323104100000065,0.6845254910413511,87.50700548089127,3613.3620266238418,12.388012060873544,47.059601319809616,9.53066952025746,56.637876263034265,0.11997559669284202
2017/03/01,64.49251616,1.9981779400000035,0.3336529880000001,2.502397410000001,0.6844798941868105,87.76316238781331,3614.529202590883,12.40733066970618,47.22199753325113,9.43612398049733,56.72841537530197,0.11997559669284202
2017/04/01,64.55015969,1.9981779400000035,0.3336529880000001,3.3365298799999996,0.684437279963087,88.02330228788404,3615.6852922199196,12.426843287790819,47.38861571454649,9.345737860107352,56.818969837500546,0.11997559669284202
2017/05/01,64.59266498,1.9981779400000035,0.3336529880000001,4.170662350000002,0.684397994208827,88.28701365748489,3616.830345037835,12.446521549018374,47.55942989157128,9.260676093630774,56.90942912448794,0.11997559669284202
2017/06/01,64.62193891,1.9981779400000035,1.2901003374999997,8.16701823000001,0.6843623827626844,88.55388497299661,3617.964410571592,12.4663370874246,47.73441409081747,9.182103615610922,56.99968271112252,0.11997559669284202
2017/07/01,64.63988837,1.9981779400000035,1.5977943544000017,5.334707819999997,0.6843310919739962,88.82350471080005,3619.068055980636,12.48583382723573,47.91362042276254,9.118642828897501,57.08942240832095,0.11997559669284202
2017/08/01,64.64842027,1.9981779400000035,1.623005327900001,6.498753290000008,0.6843031153832684,89.09546134727654,3620.1610716340538,12.505462066079533,48.096943440504496,9.06027247201285,57.17883418311276,0.11997559669284202
2017/09/01,64.64944149,1.9981779400000035,1.39446039595,8.826844230000011,0.6842777470416981,89.3693433588069,3621.2437657532787,12.525244694600554,48.28435577816166,9.004428745347052,57.26790634232687,0.11997559669284202
2017/10/01,64.64485892,1.9981779400000035,1.5151291049999986,6.8286662900000055,0.6842542810004865,89.64473922177207,3622.316446559728,12.545204603412873,48.47583007371808,8.948547849290227,57.3566271927927,0.11997559669284202
2017/11/01,64.63657946,1.9981779400000035,1.465330489333334,5.994533819999992,0.6842320113108337,89.92123741255313,3623.3794222748184,12.5653646832855,48.671338963466106,8.890065984232402,57.44498504133933,0.11997559669284202
2017/12/01,64.62651,1.9981779400000035,1.3483026110000005,5.664620820000013,0.6842102320239357,90.1984264075308,3624.4330011199595,12.585747824771602,48.87085508391827,8.826419350563707,57.53296819479589,0.11997559669284202
2018/01/01,64.61655744,1.9981779400000035,1.2692470257499993,5.664620820000013,0.6841882371909951,90.47589468308603,3625.4774913165734,12.606376918656675,49.07435107073808,8.755044148674253,57.62056495999179,0.11997559669284202
2018/02/01,64.60862866,1.9981779400000035,1.2692470257499993,5.664620820000013,0.6841653208632105,90.75323071560022,3626.513201086089,12.627274855695909,49.281799562202075,8.673376578954061,57.70776364375576,0.11997559669284202
2018/03/01,64.61601435,1.9981779400000035,1.1989067640000015,3.996355880000007,0.6841407770917812,91.03002298145373,3627.5404386499085,12.648464526409299,49.493173193439766,8.578852841793251,57.794552552917374,0.11997559669284202
2018/04/01,64.62696086,1.9981779400000035,1.001682412166666,4.830488350000011,0.6841138999279087,91.30585995702826,3628.5595122294503,12.669968821599825,49.70844460180362,8.468909137581917,57.88091999430575,0.11997559669284202
2018/05/01,64.6410983,1.9981779400000035,1.0876891013333339,3.6664428800000053,0.6840839834227921,91.5803301187039,3629.5707300461554,12.691810631958154,49.927586422770325,8.340981666710155,57.966854274749885,0.11997559669284202
2018/06/01,64.65805683,1.9981779400000035,0.9323583724000012,5.334707819999997,0.6840503216276286,91.85302194286248,3630.574400321423,12.714012847976127,50.15057129402291,8.192506629568044,58.05234370107915,0.11997559669284202
2018/07/01,64.67746656,1.9981779400000035,0.9323583724000012,5.334707819999997,0.6840117078820348,92.12352390588431,3631.575045161865,12.737206007390089,50.37680491830782,7.990743148451905,58.13658002035711,0.11997559669284202
2018/08/01,64.69895764,1.9981779400000035,0.3336529880000001,3.3365298799999996,0.6839696894393412,92.3914244841505,3632.56937987736,12.760730236449934,50.60693159123539,7.778393029819996,58.22074639500314,0.11997559669284202
2018/09/01,64.72216019,1.9981779400000035,1.3234656363,6.498753290000008,0.6839253128413039,92.6563121540421,3633.5583337009293,12.784533154360611,50.8410286734964,7.567981013109286,58.30522941172893,0.11997559669284202
2018/10/01,64.74670435,1.9981779400000035,1.3526602727499994,5.664620820000013,0.6838796246296679,92.91777539194032,3634.5428358656427,12.808562381003545,51.07917352660545,7.372031837756748,58.39041565724677,0.11997559669284202
2018/11/01,64.77222025,1.9981779400000035,1.4013180001666659,4.830488350000011,0.6838336713461833,93.175402674226,3635.5238156045466,12.832765536038137,51.32144351251853,7.203070243199344,58.47669171826849,0.11997559669284202
2018/12/01,64.79833803,1.9981779400000035,0.9990889700000017,1.9981779400000035,0.6837884995325999,93.42878247727961,3636.502202150701,12.857090239116406,51.56791599139605,7.073620968874066,58.56444418150589,0.11997559669284202
2019/01/01,64.82468781,1.9981779400000035,0.192824406,1.9282440600000004,0.6816039025878081,93.67750327748271,3637.4789247371455,12.88148411010973,51.818668325978486,6.996208754217846,58.65405963367087,0.018875787457841936
2019/02/01,64.85089973,1.9981779400000035,1.238037553000001,4.9604779100000105,0.6815634333392743,93.92115355121594,3638.4549125969434,12.905894768175752,52.07377787789403,6.983358338667702,58.745924661475655,0.018875787457841936
2019/03/01,64.87554879,1.9981779400000035,1.6125291280000014,3.926422000000008,0.6815268851858878,94.15932177486054,3639.4310949631363,12.930269833291957,52.3333220080143,7.047594461660568,58.840425851631785,0.018875787457841936
2019/04/01,64.89953128,1.9981779400000035,1.6125291280000014,3.926422000000008,0.6814953046694003,94.39159642479697,3640.408401068775,12.95455692508192,52.59737807846954,7.201441862633438,58.937949790851356,0.018875787457841936
2019/05/01,64.92268836,1.9981779400000035,1.5353993656000018,5.854666059999998,0.6814697383315599,94.61756597740667,3641.387760146919,12.978703662984818,52.86602344911269,7.457425281023254,59.038883065846576,0.018875787457841936
2019/06/01,64.9448612,1.9981779400000035,1.5353993656000018,5.854666059999998,0.6814512327141165,94.83681890907044,3642.3701014306166,13.002657666858182,53.13933548335625,7.828069456267034,59.14361226332892,0.018875787457841936
2019/07/01,64.96589095,1.9981779400000035,0.385648812,2.892366090000002,0.6814415199062813,95.04894369616942,3643.445630101899,13.026332718969693,53.41862735609536,8.400686634037466,59.25444297437527,0.018875787457841936
2019/08/01,64.98561879,1.9981779400000035,0.385648812,2.892366090000002,0.6814385614862225,95.25352881508415,3644.5236336480507,13.049716665324366,53.70249008751628,9.075620315232893,59.36888326810429,0.018875787457841936
2019/09/01,65.00388585,1.9981779400000035,0.385648812,1.9282440600000004,0.6814410045795678,95.45016274219596,3645.602675368238,13.072763628796103,53.99075051363467,9.82800148617249,59.48636022904563,0.018875787457841936
2019/10/01,65.02053332,1.9981779400000035,0.385648812,1.9282440600000004,0.6814474963119488,95.63843395388587,3646.681318561606,13.095427732090242,54.283235466402914,10.632961133175248,59.606300941728634,0.018875787457841936
2019/11/01,65.03540235,1.9981779400000035,0.702858973,2.962299970000005,0.6814566838089899,95.81793092653449,3647.7581265272934,13.117663097959362,54.57977178146481,11.465630242560323,59.72813249068313,0.018875787457841936
2019/12/01,65.04833409,1.9981779400000035,0.702858973,2.962299970000005,0.6814672141963258,95.98824213652311,3648.831662564471,13.139423848995367,54.880186296456834,12.301139800646755,59.851281960438776,0.018875787457841936
2020/01/01,65.05916972,1.9981779400000035,0.702858973,2.962299970000005,0.6814777345995868,96.14895606023252,3649.9004899722827,13.160664108217414,55.18430584045838,13.114620793753657,59.97517643552468,0.018875787457841936
2020/02/01,65.06775039,1.9981779400000035,0.702858973,2.962299970000005,0.6814868921443937,96.2996611740437,3650.9631720498646,13.181337998000767,55.49195725180849,13.881204208200133,60.099243000470956,0.018875787457841936
2020/03/01,65.07439671,1.9981779400000035,0.385648812,1.9282440600000004,0.6814933339563841,96.43994595433782,3652.018272096389,13.201399641617458,55.8029673627382,14.576021030305249,60.222908739806925,0.018875787457841936
2020/04/01,65.0783745,1.9981779400000035,0.385648812,3.8564881200000007,0.6814957071611862,96.56939887749573,3653.0643534109954,13.220803161339967,56.117163009675245,15.174202246388091,60.34560073806229,0.018875787457841936
2020/05/01,65.07942904,1.9981779400000035,0.385648812,4.820610150000002,0.6814926588844252,96.6876084198979,3654.09997929283,13.23950267995227,56.434371027357614,15.650878842767746,60.46674607976648,0.018875787457841936
2020/06/01,65.07730559,1.9981779400000035,0.385648812,3.8564881200000007,0.6814828362517327,96.79416305792594,3655.123713041044,13.25745232024714,56.754418248193915,15.98118180576334,60.585771849449245,0.018875787457841936
2020/07/01,65.07174943,1.9981779400000035,0.385648812,3.8564881200000007,0.6814644371049777,96.88732545641723,3656.0013454665304,13.274047128673699,57.07242143111399,16.05338790653392,60.700525419569516,0.018875787457841936
2020/08/01,65.06250583,1.9981779400000035,0.9219592076000014,5.854666059999998,0.6814381303467147,96.96867293254496,3656.8669541670774,13.289868310684728,57.39377027987008,15.972909557338602,60.81280344949708,0.018875787457841936
2020/09/01,65.04932005,1.9981779400000035,0.9267798177500018,4.890544030000001,0.6814041355957334,97.03845686846228,3657.721844268879,13.304936843159563,57.71914442976888,15.758304852076488,60.922822879796946,0.018875787457841936
2020/10/01,65.03193737,1.9981779400000035,0.9267798177500018,4.890544030000001,0.6813626724708273,97.09692864632123,3658.5673208981093,13.319273702514863,58.049223506163635,15.428131884646616,61.030800651033644,0.018875787457841936
2020/11/01,65.01010306,1.9981779400000035,0.385648812,2.892366090000002,0.6813139605907913,97.14433964827442,3659.4046891809517,13.332899865447681,58.38468714256703,15.00094874894808,61.13695370377195,0.018875787457841936
2020/12/01,64.98356238,1.9981779400000035,0.385648812,1.9282440600000004,0.6812582195744126,97.18094125647507,3660.2352542435965,13.345836308988568,58.726214965102166,14.495313538879977,61.24149897857693,0.018875787457841936
2021/01/01,64.95206062,1.9981779400000035,1.5671857375000011,4.871459290000001,0.6816484681547748,97.20698485307489,3661.060321212218,13.35810400948271,59.07448660649213,13.929784348341427,61.344653416012946,0.03627011867684197
2021/02/01,64.91534304,1.9981779400000035,1.3868947358333328,4.954116330000011,0.6815793277220945,97.22272182022735,3661.8811952130145,13.369723943659462,59.43018169490902,13.322919271231415,61.44663395664514,0.03627011867684197
2021/03/01,64.87255582,1.9981779400000035,1.3310253762499986,5.9118767800000125,0.6815038170094531,97.22840354008476,3662.69918137214,13.380717087839855,59.7939798602964,12.69327640144912,61.54765754103826,0.03627011867684197
2021/04/01,64.82416314,1.9981779400000035,0.3831041800000001,2.873281350000001,0.6814221556356423,97.22428139479933,3663.5155848158,13.39110441899266,60.16656073275959,12.059413832893553,61.64794110975683,0.03627011867684197
2021/05/01,64.77003009,1.9981779400000035,0.3831041800000001,2.873281350000001,0.6813345632194533,97.21060676652425,3664.33171067018,13.400906913685565,60.54860394253201,11.439889659463855,61.74770160336583,0.03627011867684197
2021/06/01,64.71002177,1.9981779400000035,0.3831041800000001,3.831041800000001,0.681241259379682,97.18763103741168,3665.148864061448,13.410145548732045,60.94078912059374,10.853261975059066,61.8471559624301,0.03627011867684197
2021/07/01,64.64400325,1.9981779400000035,0.3831041800000001,3.831041800000001,0.6811424566246984,97.15560558961442,3666.0030592556946,13.418803998403622,61.35650796088136,10.36036202899948,61.94675875428593,0.03627011867684197
2021/08/01,64.57183963,1.9981779400000035,1.0456650919999995,5.829219739999998,0.6810384065701766,97.11478180528559,3666.8601254490454,13.426948287498544,61.78174915989564,9.91633796398004,62.04637042975681,0.03627011867684197
2021/09/01,64.49339599,1.9981779400000035,1.0552426965000006,4.871459290000001,0.6809293537213686,97.06541106657689,3667.7206007296554,13.434607464639576,62.21521347594651,9.518611296189198,62.146089116021855,0.03627011867684197
2021/10/01,64.40853744,1.9981779400000035,1.071205370666667,3.913698840000009,0.6808155425835292,97.00774475564148,3668.585023185713,13.441810577546988,62.65560166716756,9.164603541815513,62.246012940260165,0.03627011867684197
2021/11/01,64.31712905,1.9981779400000035,1.103130719000002,2.9559383900000062,0.6806972176619098,96.94203425463178,3669.4539309053644,13.44858667542085,63.10161449722187,8.851736217047433,62.34624002965062,0.03627011867684197
2021/12/01,64.21903592,1.9981779400000035,0.9512009475000017,2.9559383900000062,0.6805746234617648,96.86853094570061,3670.3278619768157,13.454964806063716,63.551952724083506,8.577430838073457,62.44686851137219,0.03627011867684197
2022/01/01,64.11412314,1.998177940000001,0.9990889700000005,3.996355880000002,0.6804480044883482,96.78748621100023,3671.2073544882187,13.46097401835407,64.00531710970631,8.339108921082074,62.547996512603795,0.03627011867684201
2022/02/01,64.00225579,1.998177940000001,0.9512009475000006,2.955938390000002,0.6803176052469114,96.69915143268368,3672.092946527737,13.466643360363275,64.46040841319476,8.1341919822618,62.6497221605246,0.03627011867684201
2022/03/01,63.87623822,1.998177940000001,0.9512009475000006,2.955938390000002,0.680183670242709,96.60377799290329,3672.985176183556,13.47200188043331,64.91592739499158,7.960101537801106,62.75214358231345,0.03627011867684201
2022/04/01,63.74440841,1.998177940000001,0.9352382733333331,3.913698840000001,0.6800464439809952,96.50161727381176,3673.8845815438426,13.477078627078726,65.3705748154672,7.814259103888478,62.85535890514945,0.03627011867684201
2022/05/01,63.6080436,1.998177940000001,0.38310418,4.788802250000001,0.6799061709670212,96.39292065756177,3674.7917006967587,13.481902649123327,65.82305143535001,7.6940861967124405,62.95946625621155,0.03627011867684201
2022/06/01,63.46842104,1.998177940000001,0.38310418,4.788802250000001,0.6797630957060427,96.27793952630587,3675.7070717304905,13.486502994264058,66.27205801246883,7.597004332461463,63.06456376267868,0.03627011867684201
2022/07/01,63.32681795,1.998177940000001,0.38310418,4.788802250000001,0.6796174732957994,96.1569252621965,3676.6809109126107,13.49100211585917,66.70503020492109,7.518179211593554,63.17112718378693,0.03627011867684201
2022/08/01,63.18451158,1.998177940000001,1.5671857374999996,4.8714592900000016,0.6794695005753465,96.0301292473866,3677.663229252359,13.495323162998224,67.13363055493545,7.458416177342516,63.27868820236292,0.03627011867684201
2022/09/01,63.04277917,1.998177940000001,1.5110320109999982,6.869637229999999,0.6793193849762252,95.8978028640286,3678.6537159606037,13.499482338321387,67.55825650558336,7.416264653762097,63.38715612955751,0.03627011867684201
2022/10/01,62.90289795,1.998177940000001,1.2071724679999993,7.910054719999997,0.6791673339299793,95.7601974942751,3679.6520602482287,13.503495843428308,67.97930549420165,7.390274064906033,63.496440276521184,0.03627011867684201
2022/11/01,62.76614516,1.998177940000001,0.9313897882500001,5.911876780000004,0.6790135548681495,95.61756452027863,3680.657951326111,13.507379879866178,68.39717496461756,7.378993834828061,63.60644995440439,0.03627011867684201
2022/12/01,62.63379805,1.998177940000001,1.1031307190000006,2.955938390000002,0.6788582552222789,95.47015532419205,3681.6710784051306,13.51115065024036,68.81226235189033,7.380973387581903,63.71709447435762,0.03627011867684201
2023/01/01,62.50713384,1.998177940000001,1.1158661160000003,2.828584420000001,0.6783917199096239,95.31822128816785,3682.6911306961642,13.514824355849083,69.22496510088843,7.394762147221328,63.8282831475316,0.10888301865684204
2023/02/01,62.38742979,1.998177940000001,1.1158661160000003,2.828584420000001,0.6782340013902994,95.16201379435874,3683.7177974100964,13.518417198812163,69.63568064986536,7.418909537800045,63.93992528507673,0.10888301865684204
2023/03/01,62.28578156,1.998177940000001,0.9437285380000001,3.658990900000001,0.6780753845815605,95.00178422491713,3684.7507677578014,13.521945381116652,70.0448064372644,7.451964983371801,64.05193019814348,0.10888301865684204
2023/04/01,62.19168428,1.998177940000001,0.9298884300000007,6.150210339999996,0.6779160769149497,94.83778396199563,3685.78973095016,13.525425104254515,70.45273990486945,7.49247790799033,64.1642071978826,0.10888301865684204
2023/05/01,62.10445148,1.998177940000001,0.9279112717142858,6.980616819999995,0.6777562858220103,94.67026438774717,3686.8343761980464,13.528872570448243,70.85987849212795,7.538997735709376,64.27666559544443,0.10888301865684204
2023/06/01,62.02339672,1.998177940000001,0.33216259200000003,6.643251840000001,0.6775962187342836,94.49947688432388,3687.8843927123457,13.532303981337584,71.26661964049393,7.590073890582677,64.38921470197963,0.10888301865684204
2023/07/01,61.94783355,1.998177940000001,0.33216259200000003,5.812845359999998,0.6774361407170083,94.32567283387878,3688.9650284764994,13.535859439502458,71.6756780739531,7.641872274239276,64.50158245093982,0.10888301865684204
2023/08/01,61.87707553,1.998177940000001,0.33216259200000003,6.643251840000001,0.6772759998500931,94.14910361856444,3690.050302912189,13.539414897594149,72.08473650866212,7.696517610151246,64.61395019989992,0.10888301865684204
2023/09/01,61.8104362,1.998177940000001,0.33216259200000003,4.982438880000001,0.6771158018471405,93.97002062053322,3691.1397943396873,13.542970355555392,72.49379494318433,7.753751083584716,64.72631794886013,0.10888301865684204
2023/10/01,61.74722912,1.998177940000001,0.33216259200000003,3.3216259200000007,0.676955552421754,93.78867522193796,3692.2330810792537,13.546525813706728,72.90285337841252,7.813313879805732,64.83868569782022,0.10888301865684204
2023/11/01,61.68676783,1.998177940000001,0.7992711759999999,3.996355880000002,0.6767952572875383,93.60531880493124,3693.3297414511526,13.550081271672747,73.3119118124304,7.8749471840804075,64.9510534467803,0.10888301865684204
2023/12/01,61.62836589,1.998177940000001,0.7992711759999999,3.996355880000002,0.6766349221580974,93.42020275166561,3694.4293537756453,13.553636729729067,73.7209702470458,7.9383921816748115,65.06342119574046,0.10888301865684204
2024/01/01,61.57133684,1.998177940000001,0.33216259200000003,2.4912194400000005,0.6764745527470333,93.23357844429377,3695.5314963729975,13.557192187975003,74.13002868152317,8.00339005785505,65.17578894470066,0.10888301865684204
2024/02/01,61.51499425,1.998177940000001,0.33216259200000003,2.4912194400000005,0.6763141547679503,93.04569726496825,3696.635747563469,13.560747646097555,74.53908711641246,8.069681997887193,65.28815669366078,0.10888301865684204
2024/03/01,61.45521941,1.998177940000001,0.33216259200000003,2.4912194400000005,0.6761537339344532,92.85681059584164,3697.7416856673267,13.564303104079256,74.94814555102253,8.137009187037332,65.40052444262098,0.10888301865684204
2024/04/01,61.39544457,1.998177940000001,0.33216259200000003,3.3216259200000007,0.6759932959601442,92.66716981906667,3698.8488890048357,13.56785856212263,75.35720398493577,8.205112810571555,65.51289219158106,0.10888301865684204
2024/05/01,61.33566973,1.998177940000001,0.33216259200000003,5.812845359999998,0.6758328465586273,92.47702631679584,3699.9569358962503,13.571414020162896,75.76626241911171,8.27373405375595,65.6252599405412,0.10888301865684204
2024/06/01,61.27589489,1.998177940000001,0.33216259200000003,6.643251840000001,0.6756723914435081,92.28663147118179,3701.0654046618547,13.574969478255312,76.17532085317208,8.342614101856597,65.73762768950138,0.10888301865684204
2024/07/01,61.21612006,1.998177940000001,0.33216259200000003,5.812845359999998,0.6755119379608472,92.09673942868247,3702.1390477470027,13.57852493626033,76.58437928949292,8.41097651067176,65.84999543846146,0.10888301865684204
2024/08/01,61.15634522,1.998177940000001,0.33216259200000003,4.982438880000001,0.6753514844781853,91.90684738618317,3703.2126908321434,13.582080394400974,76.99343772386536,8.479338919486928,65.96236318742173,0.10888301865684204
2024/09/01,61.09657038,1.998177940000001,0.9326564516000005,5.319803859999999,0.6751910309955231,91.71695534368374,3704.28633391729,13.585635852587869,77.40249615856897,8.547701328302097,66.0747309363818,0.10888301865684204
2024/10/01,61.03679554,1.998177940000001,1.0743457920000008,4.489397380000002,0.675030577512862,91.52706330118421,3705.3599770024407,13.589191310573515,77.811554593356,8.616063737117267,66.18709998060301,0.10888301865684204
2024/11/01,60.9770207,1.998177940000001,0.9575686460000008,2.828584420000001,0.6748701240302,91.33717125868493,3706.4336200875878,13.592746768714267,78.22061302677042,8.68442614593243,66.29949483782386,0.10888301865684204
2024/12/01,60.91724586,1.998177940000001,0.9990889700000005,1.998177940000001,0.6747096705475378,91.14727921618562,3707.5072631727385,13.596302226702099,78.62967146291743,8.752788554747605,66.41188969504483,0.10888301865684204
